run_timestamp,attention,batch_size,model,topk_val,input_tokens,warmup_steps,measured_steps,step_idx,step_latency_ms,status
2026-05-20T08:57:34.670440+00:00,dense,1,Qwen3-8B,,9661,16,128,0,5.688800,ok
2026-05-20T08:57:34.670440+00:00,dense,1,Qwen3-8B,,9661,16,128,1,5.615712,ok
2026-05-20T08:57:34.670440+00:00,dense,1,Qwen3-8B,,9661,16,128,2,5.766048,ok
2026-05-20T08:57:34.670440+00:00,dense,1,Qwen3-8B,,9661,16,128,3,5.662720,ok
2026-05-20T08:57:34.670440+00:00,dense,1,Qwen3-8B,,9661,16,128,4,5.637120,ok
2026-05-20T08:57:34.670440+00:00,dense,1,Qwen3-8B,,9661,16,128,5,5.621760,ok
2026-05-20T08:57:34.670440+00:00,dense,1,Qwen3-8B,,9661,16,128,6,5.644288,ok
2026-05-20T08:57:34.670440+00:00,dense,1,Qwen3-8B,,9661,16,128,7,5.635072,ok
2026-05-20T08:57:34.670440+00:00,dense,1,Qwen3-8B,,9661,16,128,8,5.622784,ok
2026-05-20T08:57:34.670440+00:00,dense,1,Qwen3-8B,,9661,16,128,9,5.621760,ok
2026-05-20T08:57:34.670440+00:00,dense,1,Qwen3-8B,,9661,16,128,10,5.629952,ok
2026-05-20T08:57:34.670440+00:00,dense,1,Qwen3-8B,,9661,16,128,11,5.622784,ok
2026-05-20T08:57:34.670440+00:00,dense,1,Qwen3-8B,,9661,16,128,12,5.620736,ok
2026-05-20T08:57:34.670440+00:00,dense,1,Qwen3-8B,,9661,16,128,13,5.612512,ok
2026-05-20T08:57:34.670440+00:00,dense,1,Qwen3-8B,,9661,16,128,14,5.604416,ok
2026-05-20T08:57:34.670440+00:00,dense,1,Qwen3-8B,,9661,16,128,15,5.620704,ok
2026-05-20T08:57:34.670440+00:00,dense,1,Qwen3-8B,,9661,16,128,16,5.633152,ok
2026-05-20T08:57:34.670440+00:00,dense,1,Qwen3-8B,,9661,16,128,17,5.628800,ok
2026-05-20T08:57:34.670440+00:00,dense,1,Qwen3-8B,,9661,16,128,18,5.613600,ok
2026-05-20T08:57:34.670440+00:00,dense,1,Qwen3-8B,,9661,16,128,19,5.604320,ok
2026-05-20T08:57:34.670440+00:00,dense,1,Qwen3-8B,,9661,16,128,20,5.613536,ok
2026-05-20T08:57:34.670440+00:00,dense,1,Qwen3-8B,,9661,16,128,21,5.623840,ok
2026-05-20T08:57:34.670440+00:00,dense,1,Qwen3-8B,,9661,16,128,22,5.619808,ok
2026-05-20T08:57:34.670440+00:00,dense,1,Qwen3-8B,,9661,16,128,23,5.612448,ok
2026-05-20T08:57:34.670440+00:00,dense,1,Qwen3-8B,,9661,16,128,24,5.615680,ok
2026-05-20T08:57:34.670440+00:00,dense,1,Qwen3-8B,,9661,16,128,25,5.630880,ok
2026-05-20T08:57:34.670440+00:00,dense,1,Qwen3-8B,,9661,16,128,26,5.620768,ok
2026-05-20T08:57:34.670440+00:00,dense,1,Qwen3-8B,,9661,16,128,27,5.602304,ok
2026-05-20T08:57:34.670440+00:00,dense,1,Qwen3-8B,,9661,16,128,28,5.606400,ok
2026-05-20T08:57:34.670440+00:00,dense,1,Qwen3-8B,,9661,16,128,29,5.625856,ok
2026-05-20T08:57:34.670440+00:00,dense,1,Qwen3-8B,,9661,16,128,30,5.618656,ok
2026-05-20T08:57:34.670440+00:00,dense,1,Qwen3-8B,,9661,16,128,31,5.616672,ok
2026-05-20T08:57:34.670440+00:00,dense,1,Qwen3-8B,,9661,16,128,32,5.606400,ok
2026-05-20T08:57:34.670440+00:00,dense,1,Qwen3-8B,,9661,16,128,33,5.627968,ok
2026-05-20T08:57:34.670440+00:00,dense,1,Qwen3-8B,,9661,16,128,34,5.624768,ok
2026-05-20T08:57:34.670440+00:00,dense,1,Qwen3-8B,,9661,16,128,35,5.624832,ok
2026-05-20T08:57:34.670440+00:00,dense,1,Qwen3-8B,,9661,16,128,36,5.614592,ok
2026-05-20T08:57:34.670440+00:00,dense,1,Qwen3-8B,,9661,16,128,37,5.615616,ok
2026-05-20T08:57:34.670440+00:00,dense,1,Qwen3-8B,,9661,16,128,38,5.615744,ok
2026-05-20T08:57:34.670440+00:00,dense,1,Qwen3-8B,,9661,16,128,39,5.613440,ok
2026-05-20T08:57:34.670440+00:00,dense,1,Qwen3-8B,,9661,16,128,40,5.619712,ok
2026-05-20T08:57:34.670440+00:00,dense,1,Qwen3-8B,,9661,16,128,41,5.617664,ok
2026-05-20T08:57:34.670440+00:00,dense,1,Qwen3-8B,,9661,16,128,42,5.640288,ok
2026-05-20T08:57:34.670440+00:00,dense,1,Qwen3-8B,,9661,16,128,43,5.621696,ok
2026-05-20T08:57:34.670440+00:00,dense,1,Qwen3-8B,,9661,16,128,44,5.619680,ok
2026-05-20T08:57:34.670440+00:00,dense,1,Qwen3-8B,,9661,16,128,45,5.616640,ok
2026-05-20T08:57:34.670440+00:00,dense,1,Qwen3-8B,,9661,16,128,46,5.608448,ok
2026-05-20T08:57:34.670440+00:00,dense,1,Qwen3-8B,,9661,16,128,47,5.612544,ok
2026-05-20T08:57:34.670440+00:00,dense,1,Qwen3-8B,,9661,16,128,48,5.619680,ok
2026-05-20T08:57:34.670440+00:00,dense,1,Qwen3-8B,,9661,16,128,49,5.611712,ok
2026-05-20T08:57:34.670440+00:00,dense,1,Qwen3-8B,,9661,16,128,50,5.613472,ok
2026-05-20T08:57:34.670440+00:00,dense,1,Qwen3-8B,,9661,16,128,51,5.600192,ok
2026-05-20T08:57:34.670440+00:00,dense,1,Qwen3-8B,,9661,16,128,52,5.607424,ok
2026-05-20T08:57:34.670440+00:00,dense,1,Qwen3-8B,,9661,16,128,53,5.630944,ok
2026-05-20T08:57:34.670440+00:00,dense,1,Qwen3-8B,,9661,16,128,54,5.616672,ok
2026-05-20T08:57:34.670440+00:00,dense,1,Qwen3-8B,,9661,16,128,55,5.620736,ok
2026-05-20T08:57:34.670440+00:00,dense,1,Qwen3-8B,,9661,16,128,56,5.611520,ok
2026-05-20T08:57:34.670440+00:00,dense,1,Qwen3-8B,,9661,16,128,57,5.652544,ok
2026-05-20T08:57:34.670440+00:00,dense,1,Qwen3-8B,,9661,16,128,58,5.644224,ok
2026-05-20T08:57:34.670440+00:00,dense,1,Qwen3-8B,,9661,16,128,59,5.615616,ok
2026-05-20T08:57:34.670440+00:00,dense,1,Qwen3-8B,,9661,16,128,60,5.615616,ok
2026-05-20T08:57:34.670440+00:00,dense,1,Qwen3-8B,,9661,16,128,61,5.619744,ok
2026-05-20T08:57:34.670440+00:00,dense,1,Qwen3-8B,,9661,16,128,62,5.613536,ok
2026-05-20T08:57:34.670440+00:00,dense,1,Qwen3-8B,,9661,16,128,63,5.624832,ok
2026-05-20T08:57:34.670440+00:00,dense,1,Qwen3-8B,,9661,16,128,64,5.606368,ok
2026-05-20T08:57:34.670440+00:00,dense,1,Qwen3-8B,,9661,16,128,65,5.607648,ok
2026-05-20T08:57:34.670440+00:00,dense,1,Qwen3-8B,,9661,16,128,66,5.617504,ok
2026-05-20T08:57:34.670440+00:00,dense,1,Qwen3-8B,,9661,16,128,67,5.632032,ok
2026-05-20T08:57:34.670440+00:00,dense,1,Qwen3-8B,,9661,16,128,68,5.612480,ok
2026-05-20T08:57:34.670440+00:00,dense,1,Qwen3-8B,,9661,16,128,69,5.612544,ok
2026-05-20T08:57:34.670440+00:00,dense,1,Qwen3-8B,,9661,16,128,70,5.611520,ok
2026-05-20T08:57:34.670440+00:00,dense,1,Qwen3-8B,,9661,16,128,71,5.609440,ok
2026-05-20T08:57:34.670440+00:00,dense,1,Qwen3-8B,,9661,16,128,72,5.623840,ok
2026-05-20T08:57:34.670440+00:00,dense,1,Qwen3-8B,,9661,16,128,73,5.622784,ok
2026-05-20T08:57:34.670440+00:00,dense,1,Qwen3-8B,,9661,16,128,74,5.621760,ok
2026-05-20T08:57:34.670440+00:00,dense,1,Qwen3-8B,,9661,16,128,75,5.611552,ok
2026-05-20T08:57:34.670440+00:00,dense,1,Qwen3-8B,,9661,16,128,76,5.608480,ok
2026-05-20T08:57:34.670440+00:00,dense,1,Qwen3-8B,,9661,16,128,77,5.635008,ok
2026-05-20T08:57:34.670440+00:00,dense,1,Qwen3-8B,,9661,16,128,78,5.625824,ok
2026-05-20T08:57:34.670440+00:00,dense,1,Qwen3-8B,,9661,16,128,79,5.624864,ok
2026-05-20T08:57:34.670440+00:00,dense,1,Qwen3-8B,,9661,16,128,80,5.632000,ok
2026-05-20T08:57:34.670440+00:00,dense,1,Qwen3-8B,,9661,16,128,81,5.628928,ok
2026-05-20T08:57:34.670440+00:00,dense,1,Qwen3-8B,,9661,16,128,82,5.621760,ok
2026-05-20T08:57:34.670440+00:00,dense,1,Qwen3-8B,,9661,16,128,83,5.603328,ok
2026-05-20T08:57:34.670440+00:00,dense,1,Qwen3-8B,,9661,16,128,84,5.617664,ok
2026-05-20T08:57:34.670440+00:00,dense,1,Qwen3-8B,,9661,16,128,85,5.617664,ok
2026-05-20T08:57:34.670440+00:00,dense,1,Qwen3-8B,,9661,16,128,86,5.619712,ok
2026-05-20T08:57:34.670440+00:00,dense,1,Qwen3-8B,,9661,16,128,87,5.622784,ok
2026-05-20T08:57:34.670440+00:00,dense,1,Qwen3-8B,,9661,16,128,88,5.609472,ok
2026-05-20T08:57:34.670440+00:00,dense,1,Qwen3-8B,,9661,16,128,89,5.629952,ok
2026-05-20T08:57:34.670440+00:00,dense,1,Qwen3-8B,,9661,16,128,90,5.629984,ok
2026-05-20T08:57:34.670440+00:00,dense,1,Qwen3-8B,,9661,16,128,91,5.610464,ok
2026-05-20T08:57:34.670440+00:00,dense,1,Qwen3-8B,,9661,16,128,92,5.612544,ok
2026-05-20T08:57:34.670440+00:00,dense,1,Qwen3-8B,,9661,16,128,93,5.608448,ok
2026-05-20T08:57:34.670440+00:00,dense,1,Qwen3-8B,,9661,16,128,94,5.621760,ok
2026-05-20T08:57:34.670440+00:00,dense,1,Qwen3-8B,,9661,16,128,95,5.618688,ok
2026-05-20T08:57:34.670440+00:00,dense,1,Qwen3-8B,,9661,16,128,96,5.610496,ok
2026-05-20T08:57:34.670440+00:00,dense,1,Qwen3-8B,,9661,16,128,97,5.610528,ok
2026-05-20T08:57:34.670440+00:00,dense,1,Qwen3-8B,,9661,16,128,98,5.606368,ok
2026-05-20T08:57:34.670440+00:00,dense,1,Qwen3-8B,,9661,16,128,99,5.630976,ok
2026-05-20T08:57:34.670440+00:00,dense,1,Qwen3-8B,,9661,16,128,100,5.624832,ok
2026-05-20T08:57:34.670440+00:00,dense,1,Qwen3-8B,,9661,16,128,101,5.620736,ok
2026-05-20T08:57:34.670440+00:00,dense,1,Qwen3-8B,,9661,16,128,102,5.611520,ok
2026-05-20T08:57:34.670440+00:00,dense,1,Qwen3-8B,,9661,16,128,103,5.613568,ok
2026-05-20T08:57:34.670440+00:00,dense,1,Qwen3-8B,,9661,16,128,104,5.627904,ok
2026-05-20T08:57:34.670440+00:00,dense,1,Qwen3-8B,,9661,16,128,105,5.618720,ok
2026-05-20T08:57:34.670440+00:00,dense,1,Qwen3-8B,,9661,16,128,106,5.618656,ok
2026-05-20T08:57:34.670440+00:00,dense,1,Qwen3-8B,,9661,16,128,107,5.621760,ok
2026-05-20T08:57:34.670440+00:00,dense,1,Qwen3-8B,,9661,16,128,108,5.616640,ok
2026-05-20T08:57:34.670440+00:00,dense,1,Qwen3-8B,,9661,16,128,109,5.615616,ok
2026-05-20T08:57:34.670440+00:00,dense,1,Qwen3-8B,,9661,16,128,110,5.607424,ok
2026-05-20T08:57:34.670440+00:00,dense,1,Qwen3-8B,,9661,16,128,111,5.615616,ok
2026-05-20T08:57:34.670440+00:00,dense,1,Qwen3-8B,,9661,16,128,112,5.612544,ok
2026-05-20T08:57:34.670440+00:00,dense,1,Qwen3-8B,,9661,16,128,113,5.627904,ok
2026-05-20T08:57:34.670440+00:00,dense,1,Qwen3-8B,,9661,16,128,114,5.619712,ok
2026-05-20T08:57:34.670440+00:00,dense,1,Qwen3-8B,,9661,16,128,115,5.613568,ok
2026-05-20T08:57:34.670440+00:00,dense,1,Qwen3-8B,,9661,16,128,116,5.607424,ok
2026-05-20T08:57:34.670440+00:00,dense,1,Qwen3-8B,,9661,16,128,117,5.607424,ok
2026-05-20T08:57:34.670440+00:00,dense,1,Qwen3-8B,,9661,16,128,118,5.616640,ok
2026-05-20T08:57:34.670440+00:00,dense,1,Qwen3-8B,,9661,16,128,119,5.620736,ok
2026-05-20T08:57:34.670440+00:00,dense,1,Qwen3-8B,,9661,16,128,120,5.617792,ok
2026-05-20T08:57:34.670440+00:00,dense,1,Qwen3-8B,,9661,16,128,121,5.623808,ok
2026-05-20T08:57:34.670440+00:00,dense,1,Qwen3-8B,,9661,16,128,122,5.626752,ok
2026-05-20T08:57:34.670440+00:00,dense,1,Qwen3-8B,,9661,16,128,123,5.627904,ok
2026-05-20T08:57:34.670440+00:00,dense,1,Qwen3-8B,,9661,16,128,124,5.620736,ok
2026-05-20T08:57:34.670440+00:00,dense,1,Qwen3-8B,,9661,16,128,125,5.608416,ok
2026-05-20T08:57:34.670440+00:00,dense,1,Qwen3-8B,,9661,16,128,126,5.607456,ok
2026-05-20T08:57:34.670440+00:00,dense,1,Qwen3-8B,,9661,16,128,127,5.625856,ok
2026-05-20T08:57:34.670440+00:00,dense,2,Qwen3-8B,,9661,16,128,0,6.094112,ok
2026-05-20T08:57:34.670440+00:00,dense,2,Qwen3-8B,,9661,16,128,1,6.008960,ok
2026-05-20T08:57:34.670440+00:00,dense,2,Qwen3-8B,,9661,16,128,2,5.988224,ok
2026-05-20T08:57:34.670440+00:00,dense,2,Qwen3-8B,,9661,16,128,3,5.995520,ok
2026-05-20T08:57:34.670440+00:00,dense,2,Qwen3-8B,,9661,16,128,4,5.988320,ok
2026-05-20T08:57:34.670440+00:00,dense,2,Qwen3-8B,,9661,16,128,5,6.002720,ok
2026-05-20T08:57:34.670440+00:00,dense,2,Qwen3-8B,,9661,16,128,6,5.993472,ok
2026-05-20T08:57:34.670440+00:00,dense,2,Qwen3-8B,,9661,16,128,7,5.996544,ok
2026-05-20T08:57:34.670440+00:00,dense,2,Qwen3-8B,,9661,16,128,8,5.982208,ok
2026-05-20T08:57:34.670440+00:00,dense,2,Qwen3-8B,,9661,16,128,9,5.983232,ok
2026-05-20T08:57:34.670440+00:00,dense,2,Qwen3-8B,,9661,16,128,10,5.991424,ok
2026-05-20T08:57:34.670440+00:00,dense,2,Qwen3-8B,,9661,16,128,11,6.016000,ok
2026-05-20T08:57:34.670440+00:00,dense,2,Qwen3-8B,,9661,16,128,12,5.995520,ok
2026-05-20T08:57:34.670440+00:00,dense,2,Qwen3-8B,,9661,16,128,13,5.987328,ok
2026-05-20T08:57:34.670440+00:00,dense,2,Qwen3-8B,,9661,16,128,14,5.991424,ok
2026-05-20T08:57:34.670440+00:00,dense,2,Qwen3-8B,,9661,16,128,15,5.980160,ok
2026-05-20T08:57:34.670440+00:00,dense,2,Qwen3-8B,,9661,16,128,16,6.000608,ok
2026-05-20T08:57:34.670440+00:00,dense,2,Qwen3-8B,,9661,16,128,17,5.996544,ok
2026-05-20T08:57:34.670440+00:00,dense,2,Qwen3-8B,,9661,16,128,18,5.986304,ok
2026-05-20T08:57:34.670440+00:00,dense,2,Qwen3-8B,,9661,16,128,19,6.001696,ok
2026-05-20T08:57:34.670440+00:00,dense,2,Qwen3-8B,,9661,16,128,20,6.079488,ok
2026-05-20T08:57:34.670440+00:00,dense,2,Qwen3-8B,,9661,16,128,21,6.012928,ok
2026-05-20T08:57:34.670440+00:00,dense,2,Qwen3-8B,,9661,16,128,22,5.997568,ok
2026-05-20T08:57:34.670440+00:00,dense,2,Qwen3-8B,,9661,16,128,23,5.988352,ok
2026-05-20T08:57:34.670440+00:00,dense,2,Qwen3-8B,,9661,16,128,24,5.980160,ok
2026-05-20T08:57:34.670440+00:00,dense,2,Qwen3-8B,,9661,16,128,25,6.138880,ok
2026-05-20T08:57:34.670440+00:00,dense,2,Qwen3-8B,,9661,16,128,26,6.033408,ok
2026-05-20T08:57:34.670440+00:00,dense,2,Qwen3-8B,,9661,16,128,27,5.999584,ok
2026-05-20T08:57:34.670440+00:00,dense,2,Qwen3-8B,,9661,16,128,28,5.997632,ok
2026-05-20T08:57:34.670440+00:00,dense,2,Qwen3-8B,,9661,16,128,29,5.988288,ok
2026-05-20T08:57:34.670440+00:00,dense,2,Qwen3-8B,,9661,16,128,30,5.991456,ok
2026-05-20T08:57:34.670440+00:00,dense,2,Qwen3-8B,,9661,16,128,31,5.991456,ok
2026-05-20T08:57:34.670440+00:00,dense,2,Qwen3-8B,,9661,16,128,32,6.000608,ok
2026-05-20T08:57:34.670440+00:00,dense,2,Qwen3-8B,,9661,16,128,33,6.006784,ok
2026-05-20T08:57:34.670440+00:00,dense,2,Qwen3-8B,,9661,16,128,34,5.985280,ok
2026-05-20T08:57:34.670440+00:00,dense,2,Qwen3-8B,,9661,16,128,35,5.980128,ok
2026-05-20T08:57:34.670440+00:00,dense,2,Qwen3-8B,,9661,16,128,36,5.988384,ok
2026-05-20T08:57:34.670440+00:00,dense,2,Qwen3-8B,,9661,16,128,37,5.977088,ok
2026-05-20T08:57:34.670440+00:00,dense,2,Qwen3-8B,,9661,16,128,38,5.998592,ok
2026-05-20T08:57:34.670440+00:00,dense,2,Qwen3-8B,,9661,16,128,39,5.987328,ok
2026-05-20T08:57:34.670440+00:00,dense,2,Qwen3-8B,,9661,16,128,40,5.983232,ok
2026-05-20T08:57:34.670440+00:00,dense,2,Qwen3-8B,,9661,16,128,41,5.992448,ok
2026-05-20T08:57:34.670440+00:00,dense,2,Qwen3-8B,,9661,16,128,42,5.979136,ok
2026-05-20T08:57:34.670440+00:00,dense,2,Qwen3-8B,,9661,16,128,43,5.977088,ok
2026-05-20T08:57:34.670440+00:00,dense,2,Qwen3-8B,,9661,16,128,44,5.997568,ok
2026-05-20T08:57:34.670440+00:00,dense,2,Qwen3-8B,,9661,16,128,45,5.986304,ok
2026-05-20T08:57:34.670440+00:00,dense,2,Qwen3-8B,,9661,16,128,46,5.986272,ok
2026-05-20T08:57:34.670440+00:00,dense,2,Qwen3-8B,,9661,16,128,47,5.980160,ok
2026-05-20T08:57:34.670440+00:00,dense,2,Qwen3-8B,,9661,16,128,48,5.992480,ok
2026-05-20T08:57:34.670440+00:00,dense,2,Qwen3-8B,,9661,16,128,49,6.001664,ok
2026-05-20T08:57:34.670440+00:00,dense,2,Qwen3-8B,,9661,16,128,50,5.996576,ok
2026-05-20T08:57:34.670440+00:00,dense,2,Qwen3-8B,,9661,16,128,51,5.975008,ok
2026-05-20T08:57:34.670440+00:00,dense,2,Qwen3-8B,,9661,16,128,52,5.978112,ok
2026-05-20T08:57:34.670440+00:00,dense,2,Qwen3-8B,,9661,16,128,53,6.002656,ok
2026-05-20T08:57:34.670440+00:00,dense,2,Qwen3-8B,,9661,16,128,54,5.991456,ok
2026-05-20T08:57:34.670440+00:00,dense,2,Qwen3-8B,,9661,16,128,55,5.986304,ok
2026-05-20T08:57:34.670440+00:00,dense,2,Qwen3-8B,,9661,16,128,56,5.988416,ok
2026-05-20T08:57:34.670440+00:00,dense,2,Qwen3-8B,,9661,16,128,57,5.989280,ok
2026-05-20T08:57:34.670440+00:00,dense,2,Qwen3-8B,,9661,16,128,58,5.979168,ok
2026-05-20T08:57:34.670440+00:00,dense,2,Qwen3-8B,,9661,16,128,59,6.001664,ok
2026-05-20T08:57:34.670440+00:00,dense,2,Qwen3-8B,,9661,16,128,60,5.981280,ok
2026-05-20T08:57:34.670440+00:00,dense,2,Qwen3-8B,,9661,16,128,61,5.985184,ok
2026-05-20T08:57:34.670440+00:00,dense,2,Qwen3-8B,,9661,16,128,62,5.969920,ok
2026-05-20T08:57:34.670440+00:00,dense,2,Qwen3-8B,,9661,16,128,63,5.964768,ok
2026-05-20T08:57:34.670440+00:00,dense,2,Qwen3-8B,,9661,16,128,64,5.994528,ok
2026-05-20T08:57:34.670440+00:00,dense,2,Qwen3-8B,,9661,16,128,65,5.987328,ok
2026-05-20T08:57:34.670440+00:00,dense,2,Qwen3-8B,,9661,16,128,66,5.986304,ok
2026-05-20T08:57:34.670440+00:00,dense,2,Qwen3-8B,,9661,16,128,67,5.977088,ok
2026-05-20T08:57:34.670440+00:00,dense,2,Qwen3-8B,,9661,16,128,68,5.999616,ok
2026-05-20T08:57:34.670440+00:00,dense,2,Qwen3-8B,,9661,16,128,69,6.008832,ok
2026-05-20T08:57:34.670440+00:00,dense,2,Qwen3-8B,,9661,16,128,70,5.983296,ok
2026-05-20T08:57:34.670440+00:00,dense,2,Qwen3-8B,,9661,16,128,71,5.983136,ok
2026-05-20T08:57:34.670440+00:00,dense,2,Qwen3-8B,,9661,16,128,72,5.984288,ok
2026-05-20T08:57:34.670440+00:00,dense,2,Qwen3-8B,,9661,16,128,73,5.981184,ok
2026-05-20T08:57:34.670440+00:00,dense,2,Qwen3-8B,,9661,16,128,74,6.002688,ok
2026-05-20T08:57:34.670440+00:00,dense,2,Qwen3-8B,,9661,16,128,75,5.994496,ok
2026-05-20T08:57:34.670440+00:00,dense,2,Qwen3-8B,,9661,16,128,76,5.991424,ok
2026-05-20T08:57:34.670440+00:00,dense,2,Qwen3-8B,,9661,16,128,77,5.982208,ok
2026-05-20T08:57:34.670440+00:00,dense,2,Qwen3-8B,,9661,16,128,78,5.987328,ok
2026-05-20T08:57:34.670440+00:00,dense,2,Qwen3-8B,,9661,16,128,79,5.985280,ok
2026-05-20T08:57:34.670440+00:00,dense,2,Qwen3-8B,,9661,16,128,80,5.983232,ok
2026-05-20T08:57:34.670440+00:00,dense,2,Qwen3-8B,,9661,16,128,81,5.994496,ok
2026-05-20T08:57:34.670440+00:00,dense,2,Qwen3-8B,,9661,16,128,82,5.980128,ok
2026-05-20T08:57:34.670440+00:00,dense,2,Qwen3-8B,,9661,16,128,83,5.979168,ok
2026-05-20T08:57:34.670440+00:00,dense,2,Qwen3-8B,,9661,16,128,84,5.983200,ok
2026-05-20T08:57:34.670440+00:00,dense,2,Qwen3-8B,,9661,16,128,85,6.000640,ok
2026-05-20T08:57:34.670440+00:00,dense,2,Qwen3-8B,,9661,16,128,86,5.992640,ok
2026-05-20T08:57:34.670440+00:00,dense,2,Qwen3-8B,,9661,16,128,87,5.996384,ok
2026-05-20T08:57:34.670440+00:00,dense,2,Qwen3-8B,,9661,16,128,88,5.972992,ok
2026-05-20T08:57:34.670440+00:00,dense,2,Qwen3-8B,,9661,16,128,89,5.972992,ok
2026-05-20T08:57:34.670440+00:00,dense,2,Qwen3-8B,,9661,16,128,90,5.995488,ok
2026-05-20T08:57:34.670440+00:00,dense,2,Qwen3-8B,,9661,16,128,91,5.982208,ok
2026-05-20T08:57:34.670440+00:00,dense,2,Qwen3-8B,,9661,16,128,92,5.977216,ok
2026-05-20T08:57:34.670440+00:00,dense,2,Qwen3-8B,,9661,16,128,93,5.983136,ok
2026-05-20T08:57:34.670440+00:00,dense,2,Qwen3-8B,,9661,16,128,94,5.970912,ok
2026-05-20T08:57:34.670440+00:00,dense,2,Qwen3-8B,,9661,16,128,95,5.994624,ok
2026-05-20T08:57:34.670440+00:00,dense,2,Qwen3-8B,,9661,16,128,96,6.000576,ok
2026-05-20T08:57:34.670440+00:00,dense,2,Qwen3-8B,,9661,16,128,97,6.000640,ok
2026-05-20T08:57:34.670440+00:00,dense,2,Qwen3-8B,,9661,16,128,98,5.996512,ok
2026-05-20T08:57:34.670440+00:00,dense,2,Qwen3-8B,,9661,16,128,99,5.989376,ok
2026-05-20T08:57:34.670440+00:00,dense,2,Qwen3-8B,,9661,16,128,100,5.971936,ok
2026-05-20T08:57:34.670440+00:00,dense,2,Qwen3-8B,,9661,16,128,101,5.987360,ok
2026-05-20T08:57:34.670440+00:00,dense,2,Qwen3-8B,,9661,16,128,102,5.975008,ok
2026-05-20T08:57:34.670440+00:00,dense,2,Qwen3-8B,,9661,16,128,103,5.993504,ok
2026-05-20T08:57:34.670440+00:00,dense,2,Qwen3-8B,,9661,16,128,104,5.986304,ok
2026-05-20T08:57:34.670440+00:00,dense,2,Qwen3-8B,,9661,16,128,105,5.980160,ok
2026-05-20T08:57:34.670440+00:00,dense,2,Qwen3-8B,,9661,16,128,106,5.989440,ok
2026-05-20T08:57:34.670440+00:00,dense,2,Qwen3-8B,,9661,16,128,107,5.978080,ok
2026-05-20T08:57:34.670440+00:00,dense,2,Qwen3-8B,,9661,16,128,108,5.970912,ok
2026-05-20T08:57:34.670440+00:00,dense,2,Qwen3-8B,,9661,16,128,109,5.993472,ok
2026-05-20T08:57:34.670440+00:00,dense,2,Qwen3-8B,,9661,16,128,110,5.987328,ok
2026-05-20T08:57:34.670440+00:00,dense,2,Qwen3-8B,,9661,16,128,111,5.984224,ok
2026-05-20T08:57:34.670440+00:00,dense,2,Qwen3-8B,,9661,16,128,112,5.980192,ok
2026-05-20T08:57:34.670440+00:00,dense,2,Qwen3-8B,,9661,16,128,113,5.996576,ok
2026-05-20T08:57:34.670440+00:00,dense,2,Qwen3-8B,,9661,16,128,114,5.991392,ok
2026-05-20T08:57:34.670440+00:00,dense,2,Qwen3-8B,,9661,16,128,115,5.983232,ok
2026-05-20T08:57:34.670440+00:00,dense,2,Qwen3-8B,,9661,16,128,116,5.976064,ok
2026-05-20T08:57:34.670440+00:00,dense,2,Qwen3-8B,,9661,16,128,117,5.984256,ok
2026-05-20T08:57:34.670440+00:00,dense,2,Qwen3-8B,,9661,16,128,118,5.997568,ok
2026-05-20T08:57:34.670440+00:00,dense,2,Qwen3-8B,,9661,16,128,119,5.988320,ok
2026-05-20T08:57:34.670440+00:00,dense,2,Qwen3-8B,,9661,16,128,120,5.990432,ok
2026-05-20T08:57:34.670440+00:00,dense,2,Qwen3-8B,,9661,16,128,121,5.983232,ok
2026-05-20T08:57:34.670440+00:00,dense,2,Qwen3-8B,,9661,16,128,122,5.999616,ok
2026-05-20T08:57:34.670440+00:00,dense,2,Qwen3-8B,,9661,16,128,123,5.993472,ok
2026-05-20T08:57:34.670440+00:00,dense,2,Qwen3-8B,,9661,16,128,124,5.991424,ok
2026-05-20T08:57:34.670440+00:00,dense,2,Qwen3-8B,,9661,16,128,125,5.970944,ok
2026-05-20T08:57:34.670440+00:00,dense,2,Qwen3-8B,,9661,16,128,126,5.976064,ok
2026-05-20T08:57:34.670440+00:00,dense,2,Qwen3-8B,,9661,16,128,127,5.975040,ok
2026-05-20T08:57:34.670440+00:00,dense,4,Qwen3-8B,,9661,16,128,0,6.925440,ok
2026-05-20T08:57:34.670440+00:00,dense,4,Qwen3-8B,,9661,16,128,1,6.840320,ok
2026-05-20T08:57:34.670440+00:00,dense,4,Qwen3-8B,,9661,16,128,2,6.831104,ok
2026-05-20T08:57:34.670440+00:00,dense,4,Qwen3-8B,,9661,16,128,3,6.829056,ok
2026-05-20T08:57:34.670440+00:00,dense,4,Qwen3-8B,,9661,16,128,4,6.848512,ok
2026-05-20T08:57:34.670440+00:00,dense,4,Qwen3-8B,,9661,16,128,5,6.847488,ok
2026-05-20T08:57:34.670440+00:00,dense,4,Qwen3-8B,,9661,16,128,6,6.840320,ok
2026-05-20T08:57:34.670440+00:00,dense,4,Qwen3-8B,,9661,16,128,7,6.833152,ok
2026-05-20T08:57:34.670440+00:00,dense,4,Qwen3-8B,,9661,16,128,8,6.834176,ok
2026-05-20T08:57:34.670440+00:00,dense,4,Qwen3-8B,,9661,16,128,9,6.837248,ok
2026-05-20T08:57:34.670440+00:00,dense,4,Qwen3-8B,,9661,16,128,10,6.835200,ok
2026-05-20T08:57:34.670440+00:00,dense,4,Qwen3-8B,,9661,16,128,11,6.843392,ok
2026-05-20T08:57:34.670440+00:00,dense,4,Qwen3-8B,,9661,16,128,12,6.825984,ok
2026-05-20T08:57:34.670440+00:00,dense,4,Qwen3-8B,,9661,16,128,13,6.831104,ok
2026-05-20T08:57:34.670440+00:00,dense,4,Qwen3-8B,,9661,16,128,14,6.835200,ok
2026-05-20T08:57:34.670440+00:00,dense,4,Qwen3-8B,,9661,16,128,15,6.835264,ok
2026-05-20T08:57:34.670440+00:00,dense,4,Qwen3-8B,,9661,16,128,16,6.842304,ok
2026-05-20T08:57:34.670440+00:00,dense,4,Qwen3-8B,,9661,16,128,17,6.839264,ok
2026-05-20T08:57:34.670440+00:00,dense,4,Qwen3-8B,,9661,16,128,18,6.817824,ok
2026-05-20T08:57:34.670440+00:00,dense,4,Qwen3-8B,,9661,16,128,19,6.847488,ok
2026-05-20T08:57:34.670440+00:00,dense,4,Qwen3-8B,,9661,16,128,20,6.843392,ok
2026-05-20T08:57:34.670440+00:00,dense,4,Qwen3-8B,,9661,16,128,21,6.832160,ok
2026-05-20T08:57:34.670440+00:00,dense,4,Qwen3-8B,,9661,16,128,22,6.834144,ok
2026-05-20T08:57:34.670440+00:00,dense,4,Qwen3-8B,,9661,16,128,23,6.830048,ok
2026-05-20T08:57:34.670440+00:00,dense,4,Qwen3-8B,,9661,16,128,24,6.842368,ok
2026-05-20T08:57:34.670440+00:00,dense,4,Qwen3-8B,,9661,16,128,25,6.836224,ok
2026-05-20T08:57:34.670440+00:00,dense,4,Qwen3-8B,,9661,16,128,26,6.823968,ok
2026-05-20T08:57:34.670440+00:00,dense,4,Qwen3-8B,,9661,16,128,27,6.834240,ok
2026-05-20T08:57:34.670440+00:00,dense,4,Qwen3-8B,,9661,16,128,28,6.826944,ok
2026-05-20T08:57:34.670440+00:00,dense,4,Qwen3-8B,,9661,16,128,29,6.830080,ok
2026-05-20T08:57:34.670440+00:00,dense,4,Qwen3-8B,,9661,16,128,30,6.839296,ok
2026-05-20T08:57:34.670440+00:00,dense,4,Qwen3-8B,,9661,16,128,31,6.837248,ok
2026-05-20T08:57:34.670440+00:00,dense,4,Qwen3-8B,,9661,16,128,32,6.834176,ok
2026-05-20T08:57:34.670440+00:00,dense,4,Qwen3-8B,,9661,16,128,33,6.833216,ok
2026-05-20T08:57:34.670440+00:00,dense,4,Qwen3-8B,,9661,16,128,34,6.848416,ok
2026-05-20T08:57:34.670440+00:00,dense,4,Qwen3-8B,,9661,16,128,35,6.829088,ok
2026-05-20T08:57:34.670440+00:00,dense,4,Qwen3-8B,,9661,16,128,36,6.822976,ok
2026-05-20T08:57:34.670440+00:00,dense,4,Qwen3-8B,,9661,16,128,37,6.834112,ok
2026-05-20T08:57:34.670440+00:00,dense,4,Qwen3-8B,,9661,16,128,38,6.846528,ok
2026-05-20T08:57:34.670440+00:00,dense,4,Qwen3-8B,,9661,16,128,39,6.832032,ok
2026-05-20T08:57:34.670440+00:00,dense,4,Qwen3-8B,,9661,16,128,40,6.827168,ok
2026-05-20T08:57:34.670440+00:00,dense,4,Qwen3-8B,,9661,16,128,41,6.834016,ok
2026-05-20T08:57:34.670440+00:00,dense,4,Qwen3-8B,,9661,16,128,42,6.844416,ok
2026-05-20T08:57:34.670440+00:00,dense,4,Qwen3-8B,,9661,16,128,43,6.842400,ok
2026-05-20T08:57:34.670440+00:00,dense,4,Qwen3-8B,,9661,16,128,44,6.843392,ok
2026-05-20T08:57:34.670440+00:00,dense,4,Qwen3-8B,,9661,16,128,45,6.835200,ok
2026-05-20T08:57:34.670440+00:00,dense,4,Qwen3-8B,,9661,16,128,46,6.829056,ok
2026-05-20T08:57:34.670440+00:00,dense,4,Qwen3-8B,,9661,16,128,47,6.840288,ok
2026-05-20T08:57:34.670440+00:00,dense,4,Qwen3-8B,,9661,16,128,48,6.837280,ok
2026-05-20T08:57:34.670440+00:00,dense,4,Qwen3-8B,,9661,16,128,49,6.845408,ok
2026-05-20T08:57:34.670440+00:00,dense,4,Qwen3-8B,,9661,16,128,50,6.854688,ok
2026-05-20T08:57:34.670440+00:00,dense,4,Qwen3-8B,,9661,16,128,51,6.836384,ok
2026-05-20T08:57:34.670440+00:00,dense,4,Qwen3-8B,,9661,16,128,52,6.827872,ok
2026-05-20T08:57:34.670440+00:00,dense,4,Qwen3-8B,,9661,16,128,53,6.855680,ok
2026-05-20T08:57:34.670440+00:00,dense,4,Qwen3-8B,,9661,16,128,54,6.845440,ok
2026-05-20T08:57:34.670440+00:00,dense,4,Qwen3-8B,,9661,16,128,55,6.838272,ok
2026-05-20T08:57:34.670440+00:00,dense,4,Qwen3-8B,,9661,16,128,56,6.822912,ok
2026-05-20T08:57:34.670440+00:00,dense,4,Qwen3-8B,,9661,16,128,57,6.830048,ok
2026-05-20T08:57:34.670440+00:00,dense,4,Qwen3-8B,,9661,16,128,58,6.838304,ok
2026-05-20T08:57:34.670440+00:00,dense,4,Qwen3-8B,,9661,16,128,59,6.842368,ok
2026-05-20T08:57:34.670440+00:00,dense,4,Qwen3-8B,,9661,16,128,60,6.832128,ok
2026-05-20T08:57:34.670440+00:00,dense,4,Qwen3-8B,,9661,16,128,61,6.828000,ok
2026-05-20T08:57:34.670440+00:00,dense,4,Qwen3-8B,,9661,16,128,62,6.834208,ok
2026-05-20T08:57:34.670440+00:00,dense,4,Qwen3-8B,,9661,16,128,63,6.858752,ok
2026-05-20T08:57:34.670440+00:00,dense,4,Qwen3-8B,,9661,16,128,64,6.848512,ok
2026-05-20T08:57:34.670440+00:00,dense,4,Qwen3-8B,,9661,16,128,65,6.841344,ok
2026-05-20T08:57:34.670440+00:00,dense,4,Qwen3-8B,,9661,16,128,66,6.829056,ok
2026-05-20T08:57:34.670440+00:00,dense,4,Qwen3-8B,,9661,16,128,67,6.858752,ok
2026-05-20T08:57:34.670440+00:00,dense,4,Qwen3-8B,,9661,16,128,68,6.848512,ok
2026-05-20T08:57:34.670440+00:00,dense,4,Qwen3-8B,,9661,16,128,69,6.831072,ok
2026-05-20T08:57:34.670440+00:00,dense,4,Qwen3-8B,,9661,16,128,70,6.844448,ok
2026-05-20T08:57:34.670440+00:00,dense,4,Qwen3-8B,,9661,16,128,71,6.852608,ok
2026-05-20T08:57:34.670440+00:00,dense,4,Qwen3-8B,,9661,16,128,72,6.848512,ok
2026-05-20T08:57:34.670440+00:00,dense,4,Qwen3-8B,,9661,16,128,73,6.832128,ok
2026-05-20T08:57:34.670440+00:00,dense,4,Qwen3-8B,,9661,16,128,74,6.834176,ok
2026-05-20T08:57:34.670440+00:00,dense,4,Qwen3-8B,,9661,16,128,75,6.854656,ok
2026-05-20T08:57:34.670440+00:00,dense,4,Qwen3-8B,,9661,16,128,76,6.835200,ok
2026-05-20T08:57:34.670440+00:00,dense,4,Qwen3-8B,,9661,16,128,77,6.834176,ok
2026-05-20T08:57:34.670440+00:00,dense,4,Qwen3-8B,,9661,16,128,78,6.828032,ok
2026-05-20T08:57:34.670440+00:00,dense,4,Qwen3-8B,,9661,16,128,79,6.852608,ok
2026-05-20T08:57:34.670440+00:00,dense,4,Qwen3-8B,,9661,16,128,80,6.845440,ok
2026-05-20T08:57:34.670440+00:00,dense,4,Qwen3-8B,,9661,16,128,81,6.835200,ok
2026-05-20T08:57:34.670440+00:00,dense,4,Qwen3-8B,,9661,16,128,82,6.838400,ok
2026-05-20T08:57:34.670440+00:00,dense,4,Qwen3-8B,,9661,16,128,83,6.827872,ok
2026-05-20T08:57:34.670440+00:00,dense,4,Qwen3-8B,,9661,16,128,84,6.843424,ok
2026-05-20T08:57:34.670440+00:00,dense,4,Qwen3-8B,,9661,16,128,85,6.835168,ok
2026-05-20T08:57:34.670440+00:00,dense,4,Qwen3-8B,,9661,16,128,86,6.833152,ok
2026-05-20T08:57:34.670440+00:00,dense,4,Qwen3-8B,,9661,16,128,87,6.834208,ok
2026-05-20T08:57:34.670440+00:00,dense,4,Qwen3-8B,,9661,16,128,88,6.831104,ok
2026-05-20T08:57:34.670440+00:00,dense,4,Qwen3-8B,,9661,16,128,89,6.851584,ok
2026-05-20T08:57:34.670440+00:00,dense,4,Qwen3-8B,,9661,16,128,90,6.844416,ok
2026-05-20T08:57:34.670440+00:00,dense,4,Qwen3-8B,,9661,16,128,91,6.839296,ok
2026-05-20T08:57:34.670440+00:00,dense,4,Qwen3-8B,,9661,16,128,92,6.833152,ok
2026-05-20T08:57:34.670440+00:00,dense,4,Qwen3-8B,,9661,16,128,93,6.830176,ok
2026-05-20T08:57:34.670440+00:00,dense,4,Qwen3-8B,,9661,16,128,94,6.895488,ok
2026-05-20T08:57:34.670440+00:00,dense,4,Qwen3-8B,,9661,16,128,95,6.860832,ok
2026-05-20T08:57:34.670440+00:00,dense,4,Qwen3-8B,,9661,16,128,96,6.843552,ok
2026-05-20T08:57:34.670440+00:00,dense,4,Qwen3-8B,,9661,16,128,97,6.845280,ok
2026-05-20T08:57:34.670440+00:00,dense,4,Qwen3-8B,,9661,16,128,98,6.848544,ok
2026-05-20T08:57:34.670440+00:00,dense,4,Qwen3-8B,,9661,16,128,99,6.841312,ok
2026-05-20T08:57:34.670440+00:00,dense,4,Qwen3-8B,,9661,16,128,100,6.834144,ok
2026-05-20T08:57:34.670440+00:00,dense,4,Qwen3-8B,,9661,16,128,101,6.830112,ok
2026-05-20T08:57:34.670440+00:00,dense,4,Qwen3-8B,,9661,16,128,102,6.836224,ok
2026-05-20T08:57:34.670440+00:00,dense,4,Qwen3-8B,,9661,16,128,103,7.097344,ok
2026-05-20T08:57:34.670440+00:00,dense,4,Qwen3-8B,,9661,16,128,104,6.866944,ok
2026-05-20T08:57:34.670440+00:00,dense,4,Qwen3-8B,,9661,16,128,105,6.864896,ok
2026-05-20T08:57:34.670440+00:00,dense,4,Qwen3-8B,,9661,16,128,106,6.844416,ok
2026-05-20T08:57:34.670440+00:00,dense,4,Qwen3-8B,,9661,16,128,107,6.843392,ok
2026-05-20T08:57:34.670440+00:00,dense,4,Qwen3-8B,,9661,16,128,108,6.844384,ok
2026-05-20T08:57:34.670440+00:00,dense,4,Qwen3-8B,,9661,16,128,109,6.858784,ok
2026-05-20T08:57:34.670440+00:00,dense,4,Qwen3-8B,,9661,16,128,110,6.843456,ok
2026-05-20T08:57:34.670440+00:00,dense,4,Qwen3-8B,,9661,16,128,111,6.846368,ok
2026-05-20T08:57:34.670440+00:00,dense,4,Qwen3-8B,,9661,16,128,112,6.852704,ok
2026-05-20T08:57:34.670440+00:00,dense,4,Qwen3-8B,,9661,16,128,113,6.843328,ok
2026-05-20T08:57:34.670440+00:00,dense,4,Qwen3-8B,,9661,16,128,114,6.852608,ok
2026-05-20T08:57:34.670440+00:00,dense,4,Qwen3-8B,,9661,16,128,115,6.843360,ok
2026-05-20T08:57:34.670440+00:00,dense,4,Qwen3-8B,,9661,16,128,116,6.842400,ok
2026-05-20T08:57:34.670440+00:00,dense,4,Qwen3-8B,,9661,16,128,117,6.835168,ok
2026-05-20T08:57:34.670440+00:00,dense,4,Qwen3-8B,,9661,16,128,118,6.864928,ok
2026-05-20T08:57:34.670440+00:00,dense,4,Qwen3-8B,,9661,16,128,119,6.840320,ok
2026-05-20T08:57:34.670440+00:00,dense,4,Qwen3-8B,,9661,16,128,120,6.839296,ok
2026-05-20T08:57:34.670440+00:00,dense,4,Qwen3-8B,,9661,16,128,121,6.831072,ok
2026-05-20T08:57:34.670440+00:00,dense,4,Qwen3-8B,,9661,16,128,122,6.841376,ok
2026-05-20T08:57:34.670440+00:00,dense,4,Qwen3-8B,,9661,16,128,123,6.829024,ok
2026-05-20T08:57:34.670440+00:00,dense,4,Qwen3-8B,,9661,16,128,124,6.848544,ok
2026-05-20T08:57:34.670440+00:00,dense,4,Qwen3-8B,,9661,16,128,125,6.843392,ok
2026-05-20T08:57:34.670440+00:00,dense,4,Qwen3-8B,,9661,16,128,126,6.846464,ok
2026-05-20T08:57:34.670440+00:00,dense,4,Qwen3-8B,,9661,16,128,127,6.828032,ok
2026-05-20T08:57:34.670440+00:00,dense,8,Qwen3-8B,,9661,16,128,0,8.782464,ok
2026-05-20T08:57:34.670440+00:00,dense,8,Qwen3-8B,,9661,16,128,1,8.719360,ok
2026-05-20T08:57:34.670440+00:00,dense,8,Qwen3-8B,,9661,16,128,2,8.718336,ok
2026-05-20T08:57:34.670440+00:00,dense,8,Qwen3-8B,,9661,16,128,3,8.738816,ok
2026-05-20T08:57:34.670440+00:00,dense,8,Qwen3-8B,,9661,16,128,4,8.727552,ok
2026-05-20T08:57:34.670440+00:00,dense,8,Qwen3-8B,,9661,16,128,5,8.713216,ok
2026-05-20T08:57:34.670440+00:00,dense,8,Qwen3-8B,,9661,16,128,6,8.706048,ok
2026-05-20T08:57:34.670440+00:00,dense,8,Qwen3-8B,,9661,16,128,7,8.694784,ok
2026-05-20T08:57:34.670440+00:00,dense,8,Qwen3-8B,,9661,16,128,8,8.725472,ok
2026-05-20T08:57:34.670440+00:00,dense,8,Qwen3-8B,,9661,16,128,9,8.709152,ok
2026-05-20T08:57:34.670440+00:00,dense,8,Qwen3-8B,,9661,16,128,10,8.711168,ok
2026-05-20T08:57:34.670440+00:00,dense,8,Qwen3-8B,,9661,16,128,11,8.704000,ok
2026-05-20T08:57:34.670440+00:00,dense,8,Qwen3-8B,,9661,16,128,12,8.702976,ok
2026-05-20T08:57:34.670440+00:00,dense,8,Qwen3-8B,,9661,16,128,13,8.719392,ok
2026-05-20T08:57:34.670440+00:00,dense,8,Qwen3-8B,,9661,16,128,14,8.718304,ok
2026-05-20T08:57:34.670440+00:00,dense,8,Qwen3-8B,,9661,16,128,15,8.705056,ok
2026-05-20T08:57:34.670440+00:00,dense,8,Qwen3-8B,,9661,16,128,16,8.694720,ok
2026-05-20T08:57:34.670440+00:00,dense,8,Qwen3-8B,,9661,16,128,17,8.710240,ok
2026-05-20T08:57:34.670440+00:00,dense,8,Qwen3-8B,,9661,16,128,18,8.716224,ok
2026-05-20T08:57:34.670440+00:00,dense,8,Qwen3-8B,,9661,16,128,19,8.716384,ok
2026-05-20T08:57:34.670440+00:00,dense,8,Qwen3-8B,,9661,16,128,20,9.504672,ok
2026-05-20T08:57:34.670440+00:00,dense,8,Qwen3-8B,,9661,16,128,21,8.775680,ok
2026-05-20T08:57:34.670440+00:00,dense,8,Qwen3-8B,,9661,16,128,22,8.744928,ok
2026-05-20T08:57:34.670440+00:00,dense,8,Qwen3-8B,,9661,16,128,23,8.728608,ok
2026-05-20T08:57:34.670440+00:00,dense,8,Qwen3-8B,,9661,16,128,24,8.720384,ok
2026-05-20T08:57:34.670440+00:00,dense,8,Qwen3-8B,,9661,16,128,25,8.711296,ok
2026-05-20T08:57:34.670440+00:00,dense,8,Qwen3-8B,,9661,16,128,26,8.724352,ok
2026-05-20T08:57:34.670440+00:00,dense,8,Qwen3-8B,,9661,16,128,27,8.713216,ok
2026-05-20T08:57:34.670440+00:00,dense,8,Qwen3-8B,,9661,16,128,28,8.720384,ok
2026-05-20T08:57:34.670440+00:00,dense,8,Qwen3-8B,,9661,16,128,29,8.713216,ok
2026-05-20T08:57:34.670440+00:00,dense,8,Qwen3-8B,,9661,16,128,30,8.705024,ok
2026-05-20T08:57:34.670440+00:00,dense,8,Qwen3-8B,,9661,16,128,31,8.719360,ok
2026-05-20T08:57:34.670440+00:00,dense,8,Qwen3-8B,,9661,16,128,32,8.709152,ok
2026-05-20T08:57:34.670440+00:00,dense,8,Qwen3-8B,,9661,16,128,33,8.712160,ok
2026-05-20T08:57:34.670440+00:00,dense,8,Qwen3-8B,,9661,16,128,34,8.698880,ok
2026-05-20T08:57:34.670440+00:00,dense,8,Qwen3-8B,,9661,16,128,35,8.731648,ok
2026-05-20T08:57:34.670440+00:00,dense,8,Qwen3-8B,,9661,16,128,36,8.720384,ok
2026-05-20T08:57:34.670440+00:00,dense,8,Qwen3-8B,,9661,16,128,37,8.711264,ok
2026-05-20T08:57:34.670440+00:00,dense,8,Qwen3-8B,,9661,16,128,38,8.712096,ok
2026-05-20T08:57:34.670440+00:00,dense,8,Qwen3-8B,,9661,16,128,39,8.698912,ok
2026-05-20T08:57:34.670440+00:00,dense,8,Qwen3-8B,,9661,16,128,40,8.693728,ok
2026-05-20T08:57:34.670440+00:00,dense,8,Qwen3-8B,,9661,16,128,41,8.727520,ok
2026-05-20T08:57:34.670440+00:00,dense,8,Qwen3-8B,,9661,16,128,42,8.718368,ok
2026-05-20T08:57:34.670440+00:00,dense,8,Qwen3-8B,,9661,16,128,43,8.729600,ok
2026-05-20T08:57:34.670440+00:00,dense,8,Qwen3-8B,,9661,16,128,44,8.701920,ok
2026-05-20T08:57:34.670440+00:00,dense,8,Qwen3-8B,,9661,16,128,45,8.699936,ok
2026-05-20T08:57:34.670440+00:00,dense,8,Qwen3-8B,,9661,16,128,46,8.706048,ok
2026-05-20T08:57:34.670440+00:00,dense,8,Qwen3-8B,,9661,16,128,47,8.713216,ok
2026-05-20T08:57:34.670440+00:00,dense,8,Qwen3-8B,,9661,16,128,48,8.695840,ok
2026-05-20T08:57:34.670440+00:00,dense,8,Qwen3-8B,,9661,16,128,49,8.694752,ok
2026-05-20T08:57:34.670440+00:00,dense,8,Qwen3-8B,,9661,16,128,50,8.708096,ok
2026-05-20T08:57:34.670440+00:00,dense,8,Qwen3-8B,,9661,16,128,51,8.699904,ok
2026-05-20T08:57:34.670440+00:00,dense,8,Qwen3-8B,,9661,16,128,52,8.711168,ok
2026-05-20T08:57:34.670440+00:00,dense,8,Qwen3-8B,,9661,16,128,53,8.716288,ok
2026-05-20T08:57:34.670440+00:00,dense,8,Qwen3-8B,,9661,16,128,54,8.716288,ok
2026-05-20T08:57:34.670440+00:00,dense,8,Qwen3-8B,,9661,16,128,55,8.695776,ok
2026-05-20T08:57:34.670440+00:00,dense,8,Qwen3-8B,,9661,16,128,56,8.706080,ok
2026-05-20T08:57:34.670440+00:00,dense,8,Qwen3-8B,,9661,16,128,57,8.711168,ok
2026-05-20T08:57:34.670440+00:00,dense,8,Qwen3-8B,,9661,16,128,58,8.700928,ok
2026-05-20T08:57:34.670440+00:00,dense,8,Qwen3-8B,,9661,16,128,59,8.696832,ok
2026-05-20T08:57:34.670440+00:00,dense,8,Qwen3-8B,,9661,16,128,60,8.696832,ok
2026-05-20T08:57:34.670440+00:00,dense,8,Qwen3-8B,,9661,16,128,61,8.728576,ok
2026-05-20T08:57:34.670440+00:00,dense,8,Qwen3-8B,,9661,16,128,62,8.714240,ok
2026-05-20T08:57:34.670440+00:00,dense,8,Qwen3-8B,,9661,16,128,63,8.711200,ok
2026-05-20T08:57:34.670440+00:00,dense,8,Qwen3-8B,,9661,16,128,64,8.733664,ok
2026-05-20T08:57:34.670440+00:00,dense,8,Qwen3-8B,,9661,16,128,65,8.700928,ok
2026-05-20T08:57:34.670440+00:00,dense,8,Qwen3-8B,,9661,16,128,66,8.714240,ok
2026-05-20T08:57:34.670440+00:00,dense,8,Qwen3-8B,,9661,16,128,67,8.719360,ok
2026-05-20T08:57:34.670440+00:00,dense,8,Qwen3-8B,,9661,16,128,68,8.771584,ok
2026-05-20T08:57:34.670440+00:00,dense,8,Qwen3-8B,,9661,16,128,69,8.710144,ok
2026-05-20T08:57:34.670440+00:00,dense,8,Qwen3-8B,,9661,16,128,70,8.734720,ok
2026-05-20T08:57:34.670440+00:00,dense,8,Qwen3-8B,,9661,16,128,71,8.720384,ok
2026-05-20T08:57:34.670440+00:00,dense,8,Qwen3-8B,,9661,16,128,72,8.713216,ok
2026-05-20T08:57:34.670440+00:00,dense,8,Qwen3-8B,,9661,16,128,73,8.710144,ok
2026-05-20T08:57:34.670440+00:00,dense,8,Qwen3-8B,,9661,16,128,74,8.704000,ok
2026-05-20T08:57:34.670440+00:00,dense,8,Qwen3-8B,,9661,16,128,75,8.711168,ok
2026-05-20T08:57:34.670440+00:00,dense,8,Qwen3-8B,,9661,16,128,76,8.710144,ok
2026-05-20T08:57:34.670440+00:00,dense,8,Qwen3-8B,,9661,16,128,77,8.710176,ok
2026-05-20T08:57:34.670440+00:00,dense,8,Qwen3-8B,,9661,16,128,78,8.710112,ok
2026-05-20T08:57:34.670440+00:00,dense,8,Qwen3-8B,,9661,16,128,79,8.693760,ok
2026-05-20T08:57:34.670440+00:00,dense,8,Qwen3-8B,,9661,16,128,80,8.718528,ok
2026-05-20T08:57:34.670440+00:00,dense,8,Qwen3-8B,,9661,16,128,81,8.713024,ok
2026-05-20T08:57:34.670440+00:00,dense,8,Qwen3-8B,,9661,16,128,82,8.699904,ok
2026-05-20T08:57:34.670440+00:00,dense,8,Qwen3-8B,,9661,16,128,83,8.743936,ok
2026-05-20T08:57:34.670440+00:00,dense,8,Qwen3-8B,,9661,16,128,84,8.768512,ok
2026-05-20T08:57:34.670440+00:00,dense,8,Qwen3-8B,,9661,16,128,85,8.765472,ok
2026-05-20T08:57:34.670440+00:00,dense,8,Qwen3-8B,,9661,16,128,86,8.755168,ok
2026-05-20T08:57:34.670440+00:00,dense,8,Qwen3-8B,,9661,16,128,87,8.823808,ok
2026-05-20T08:57:34.670440+00:00,dense,8,Qwen3-8B,,9661,16,128,88,9.042944,ok
2026-05-20T08:57:34.670440+00:00,dense,8,Qwen3-8B,,9661,16,128,89,8.777728,ok
2026-05-20T08:57:34.670440+00:00,dense,8,Qwen3-8B,,9661,16,128,90,8.785920,ok
2026-05-20T08:57:34.670440+00:00,dense,8,Qwen3-8B,,9661,16,128,91,8.768512,ok
2026-05-20T08:57:34.670440+00:00,dense,8,Qwen3-8B,,9661,16,128,92,8.760320,ok
2026-05-20T08:57:34.670440+00:00,dense,8,Qwen3-8B,,9661,16,128,93,8.785920,ok
2026-05-20T08:57:34.670440+00:00,dense,8,Qwen3-8B,,9661,16,128,94,8.765440,ok
2026-05-20T08:57:34.670440+00:00,dense,8,Qwen3-8B,,9661,16,128,95,8.773632,ok
2026-05-20T08:57:34.670440+00:00,dense,8,Qwen3-8B,,9661,16,128,96,8.758272,ok
2026-05-20T08:57:34.670440+00:00,dense,8,Qwen3-8B,,9661,16,128,97,8.757216,ok
2026-05-20T08:57:34.670440+00:00,dense,8,Qwen3-8B,,9661,16,128,98,8.770592,ok
2026-05-20T08:57:34.670440+00:00,dense,8,Qwen3-8B,,9661,16,128,99,8.781952,ok
2026-05-20T08:57:34.670440+00:00,dense,8,Qwen3-8B,,9661,16,128,100,8.765312,ok
2026-05-20T08:57:34.670440+00:00,dense,8,Qwen3-8B,,9661,16,128,101,8.762368,ok
2026-05-20T08:57:34.670440+00:00,dense,8,Qwen3-8B,,9661,16,128,102,8.764416,ok
2026-05-20T08:57:34.670440+00:00,dense,8,Qwen3-8B,,9661,16,128,103,8.774656,ok
2026-05-20T08:57:34.670440+00:00,dense,8,Qwen3-8B,,9661,16,128,104,8.765536,ok
2026-05-20T08:57:34.670440+00:00,dense,8,Qwen3-8B,,9661,16,128,105,8.763264,ok
2026-05-20T08:57:34.670440+00:00,dense,8,Qwen3-8B,,9661,16,128,106,8.769568,ok
2026-05-20T08:57:34.670440+00:00,dense,8,Qwen3-8B,,9661,16,128,107,8.806400,ok
2026-05-20T08:57:34.670440+00:00,dense,8,Qwen3-8B,,9661,16,128,108,8.797184,ok
2026-05-20T08:57:34.670440+00:00,dense,8,Qwen3-8B,,9661,16,128,109,8.765440,ok
2026-05-20T08:57:34.670440+00:00,dense,8,Qwen3-8B,,9661,16,128,110,8.758272,ok
2026-05-20T08:57:34.670440+00:00,dense,8,Qwen3-8B,,9661,16,128,111,8.773632,ok
2026-05-20T08:57:34.670440+00:00,dense,8,Qwen3-8B,,9661,16,128,112,8.765472,ok
2026-05-20T08:57:34.670440+00:00,dense,8,Qwen3-8B,,9661,16,128,113,8.764384,ok
2026-05-20T08:57:34.670440+00:00,dense,8,Qwen3-8B,,9661,16,128,114,8.762368,ok
2026-05-20T08:57:34.670440+00:00,dense,8,Qwen3-8B,,9661,16,128,115,8.763360,ok
2026-05-20T08:57:34.670440+00:00,dense,8,Qwen3-8B,,9661,16,128,116,8.768512,ok
2026-05-20T08:57:34.670440+00:00,dense,8,Qwen3-8B,,9661,16,128,117,8.776736,ok
2026-05-20T08:57:34.670440+00:00,dense,8,Qwen3-8B,,9661,16,128,118,8.755232,ok
2026-05-20T08:57:34.670440+00:00,dense,8,Qwen3-8B,,9661,16,128,119,8.759264,ok
2026-05-20T08:57:34.670440+00:00,dense,8,Qwen3-8B,,9661,16,128,120,8.768512,ok
2026-05-20T08:57:34.670440+00:00,dense,8,Qwen3-8B,,9661,16,128,121,8.767488,ok
2026-05-20T08:57:34.670440+00:00,dense,8,Qwen3-8B,,9661,16,128,122,8.759328,ok
2026-05-20T08:57:34.670440+00:00,dense,8,Qwen3-8B,,9661,16,128,123,8.764384,ok
2026-05-20T08:57:34.670440+00:00,dense,8,Qwen3-8B,,9661,16,128,124,8.761536,ok
2026-05-20T08:57:34.670440+00:00,dense,8,Qwen3-8B,,9661,16,128,125,8.774464,ok
2026-05-20T08:57:34.670440+00:00,dense,8,Qwen3-8B,,9661,16,128,126,8.834048,ok
2026-05-20T08:57:34.670440+00:00,dense,8,Qwen3-8B,,9661,16,128,127,8.780768,ok
2026-05-20T08:57:34.670440+00:00,dense,16,Qwen3-8B,,9661,16,128,0,11.949056,ok
2026-05-20T08:57:34.670440+00:00,dense,16,Qwen3-8B,,9661,16,128,1,11.860032,ok
2026-05-20T08:57:34.670440+00:00,dense,16,Qwen3-8B,,9661,16,128,2,11.879392,ok
2026-05-20T08:57:34.670440+00:00,dense,16,Qwen3-8B,,9661,16,128,3,11.913216,ok
2026-05-20T08:57:34.670440+00:00,dense,16,Qwen3-8B,,9661,16,128,4,11.922432,ok
2026-05-20T08:57:34.670440+00:00,dense,16,Qwen3-8B,,9661,16,128,5,11.912192,ok
2026-05-20T08:57:34.670440+00:00,dense,16,Qwen3-8B,,9661,16,128,6,11.917312,ok
2026-05-20T08:57:34.670440+00:00,dense,16,Qwen3-8B,,9661,16,128,7,11.921472,ok
2026-05-20T08:57:34.670440+00:00,dense,16,Qwen3-8B,,9661,16,128,8,11.920288,ok
2026-05-20T08:57:34.670440+00:00,dense,16,Qwen3-8B,,9661,16,128,9,11.939904,ok
2026-05-20T08:57:34.670440+00:00,dense,16,Qwen3-8B,,9661,16,128,10,11.910208,ok
2026-05-20T08:57:34.670440+00:00,dense,16,Qwen3-8B,,9661,16,128,11,11.924384,ok
2026-05-20T08:57:34.670440+00:00,dense,16,Qwen3-8B,,9661,16,128,12,11.923456,ok
2026-05-20T08:57:34.670440+00:00,dense,16,Qwen3-8B,,9661,16,128,13,11.909184,ok
2026-05-20T08:57:34.670440+00:00,dense,16,Qwen3-8B,,9661,16,128,14,11.994048,ok
2026-05-20T08:57:34.670440+00:00,dense,16,Qwen3-8B,,9661,16,128,15,11.936800,ok
2026-05-20T08:57:34.670440+00:00,dense,16,Qwen3-8B,,9661,16,128,16,11.937760,ok
2026-05-20T08:57:34.670440+00:00,dense,16,Qwen3-8B,,9661,16,128,17,11.911264,ok
2026-05-20T08:57:34.670440+00:00,dense,16,Qwen3-8B,,9661,16,128,18,11.918240,ok
2026-05-20T08:57:34.670440+00:00,dense,16,Qwen3-8B,,9661,16,128,19,11.905024,ok
2026-05-20T08:57:34.670440+00:00,dense,16,Qwen3-8B,,9661,16,128,20,11.923424,ok
2026-05-20T08:57:34.670440+00:00,dense,16,Qwen3-8B,,9661,16,128,21,11.919424,ok
2026-05-20T08:57:34.670440+00:00,dense,16,Qwen3-8B,,9661,16,128,22,11.914208,ok
2026-05-20T08:57:34.670440+00:00,dense,16,Qwen3-8B,,9661,16,128,23,11.913216,ok
2026-05-20T08:57:34.670440+00:00,dense,16,Qwen3-8B,,9661,16,128,24,11.916256,ok
2026-05-20T08:57:34.670440+00:00,dense,16,Qwen3-8B,,9661,16,128,25,11.903008,ok
2026-05-20T08:57:34.670440+00:00,dense,16,Qwen3-8B,,9661,16,128,26,11.938816,ok
2026-05-20T08:57:34.670440+00:00,dense,16,Qwen3-8B,,9661,16,128,27,11.940992,ok
2026-05-20T08:57:34.670440+00:00,dense,16,Qwen3-8B,,9661,16,128,28,11.913088,ok
2026-05-20T08:57:34.670440+00:00,dense,16,Qwen3-8B,,9661,16,128,29,11.907072,ok
2026-05-20T08:57:34.670440+00:00,dense,16,Qwen3-8B,,9661,16,128,30,11.906048,ok
2026-05-20T08:57:34.670440+00:00,dense,16,Qwen3-8B,,9661,16,128,31,11.923456,ok
2026-05-20T08:57:34.670440+00:00,dense,16,Qwen3-8B,,9661,16,128,32,11.927520,ok
2026-05-20T08:57:34.670440+00:00,dense,16,Qwen3-8B,,9661,16,128,33,11.923488,ok
2026-05-20T08:57:34.670440+00:00,dense,16,Qwen3-8B,,9661,16,128,34,11.908096,ok
2026-05-20T08:57:34.670440+00:00,dense,16,Qwen3-8B,,9661,16,128,35,11.922432,ok
2026-05-20T08:57:34.670440+00:00,dense,16,Qwen3-8B,,9661,16,128,36,11.943936,ok
2026-05-20T08:57:34.670440+00:00,dense,16,Qwen3-8B,,9661,16,128,37,11.930624,ok
2026-05-20T08:57:34.670440+00:00,dense,16,Qwen3-8B,,9661,16,128,38,11.931648,ok
2026-05-20T08:57:34.670440+00:00,dense,16,Qwen3-8B,,9661,16,128,39,11.923488,ok
2026-05-20T08:57:34.670440+00:00,dense,16,Qwen3-8B,,9661,16,128,40,11.902944,ok
2026-05-20T08:57:34.670440+00:00,dense,16,Qwen3-8B,,9661,16,128,41,11.957248,ok
2026-05-20T08:57:34.670440+00:00,dense,16,Qwen3-8B,,9661,16,128,42,11.954176,ok
2026-05-20T08:57:34.670440+00:00,dense,16,Qwen3-8B,,9661,16,128,43,11.919360,ok
2026-05-20T08:57:34.670440+00:00,dense,16,Qwen3-8B,,9661,16,128,44,11.919392,ok
2026-05-20T08:57:34.670440+00:00,dense,16,Qwen3-8B,,9661,16,128,45,11.917280,ok
2026-05-20T08:57:34.670440+00:00,dense,16,Qwen3-8B,,9661,16,128,46,11.922432,ok
2026-05-20T08:57:34.670440+00:00,dense,16,Qwen3-8B,,9661,16,128,47,11.916288,ok
2026-05-20T08:57:34.670440+00:00,dense,16,Qwen3-8B,,9661,16,128,48,11.935744,ok
2026-05-20T08:57:34.670440+00:00,dense,16,Qwen3-8B,,9661,16,128,49,11.920384,ok
2026-05-20T08:57:34.670440+00:00,dense,16,Qwen3-8B,,9661,16,128,50,11.935744,ok
2026-05-20T08:57:34.670440+00:00,dense,16,Qwen3-8B,,9661,16,128,51,11.931648,ok
2026-05-20T08:57:34.670440+00:00,dense,16,Qwen3-8B,,9661,16,128,52,11.922464,ok
2026-05-20T08:57:34.670440+00:00,dense,16,Qwen3-8B,,9661,16,128,53,11.940832,ok
2026-05-20T08:57:34.670440+00:00,dense,16,Qwen3-8B,,9661,16,128,54,11.918304,ok
2026-05-20T08:57:34.670440+00:00,dense,16,Qwen3-8B,,9661,16,128,55,11.926592,ok
2026-05-20T08:57:34.670440+00:00,dense,16,Qwen3-8B,,9661,16,128,56,11.920352,ok
2026-05-20T08:57:34.670440+00:00,dense,16,Qwen3-8B,,9661,16,128,57,11.921408,ok
2026-05-20T08:57:34.670440+00:00,dense,16,Qwen3-8B,,9661,16,128,58,11.920384,ok
2026-05-20T08:57:34.670440+00:00,dense,16,Qwen3-8B,,9661,16,128,59,11.912192,ok
2026-05-20T08:57:34.670440+00:00,dense,16,Qwen3-8B,,9661,16,128,60,11.933696,ok
2026-05-20T08:57:34.670440+00:00,dense,16,Qwen3-8B,,9661,16,128,61,11.925504,ok
2026-05-20T08:57:34.670440+00:00,dense,16,Qwen3-8B,,9661,16,128,62,11.911136,ok
2026-05-20T08:57:34.670440+00:00,dense,16,Qwen3-8B,,9661,16,128,63,11.913216,ok
2026-05-20T08:57:34.670440+00:00,dense,16,Qwen3-8B,,9661,16,128,64,11.931680,ok
2026-05-20T08:57:34.670440+00:00,dense,16,Qwen3-8B,,9661,16,128,65,11.919360,ok
2026-05-20T08:57:34.670440+00:00,dense,16,Qwen3-8B,,9661,16,128,66,11.914240,ok
2026-05-20T08:57:34.670440+00:00,dense,16,Qwen3-8B,,9661,16,128,67,11.910144,ok
2026-05-20T08:57:34.670440+00:00,dense,16,Qwen3-8B,,9661,16,128,68,11.919424,ok
2026-05-20T08:57:34.670440+00:00,dense,16,Qwen3-8B,,9661,16,128,69,11.934656,ok
2026-05-20T08:57:34.670440+00:00,dense,16,Qwen3-8B,,9661,16,128,70,11.920384,ok
2026-05-20T08:57:34.670440+00:00,dense,16,Qwen3-8B,,9661,16,128,71,11.923456,ok
2026-05-20T08:57:34.670440+00:00,dense,16,Qwen3-8B,,9661,16,128,72,11.914240,ok
2026-05-20T08:57:34.670440+00:00,dense,16,Qwen3-8B,,9661,16,128,73,11.919360,ok
2026-05-20T08:57:34.670440+00:00,dense,16,Qwen3-8B,,9661,16,128,74,11.927552,ok
2026-05-20T08:57:34.670440+00:00,dense,16,Qwen3-8B,,9661,16,128,75,11.909120,ok
2026-05-20T08:57:34.670440+00:00,dense,16,Qwen3-8B,,9661,16,128,76,11.907072,ok
2026-05-20T08:57:34.670440+00:00,dense,16,Qwen3-8B,,9661,16,128,77,11.927552,ok
2026-05-20T08:57:34.670440+00:00,dense,16,Qwen3-8B,,9661,16,128,78,11.926528,ok
2026-05-20T08:57:34.670440+00:00,dense,16,Qwen3-8B,,9661,16,128,79,11.921376,ok
2026-05-20T08:57:34.670440+00:00,dense,16,Qwen3-8B,,9661,16,128,80,11.922464,ok
2026-05-20T08:57:34.670440+00:00,dense,16,Qwen3-8B,,9661,16,128,81,11.911168,ok
2026-05-20T08:57:34.670440+00:00,dense,16,Qwen3-8B,,9661,16,128,82,11.911168,ok
2026-05-20T08:57:34.670440+00:00,dense,16,Qwen3-8B,,9661,16,128,83,11.958240,ok
2026-05-20T08:57:34.670440+00:00,dense,16,Qwen3-8B,,9661,16,128,84,11.994240,ok
2026-05-20T08:57:34.670440+00:00,dense,16,Qwen3-8B,,9661,16,128,85,11.982816,ok
2026-05-20T08:57:34.670440+00:00,dense,16,Qwen3-8B,,9661,16,128,86,11.971520,ok
2026-05-20T08:57:34.670440+00:00,dense,16,Qwen3-8B,,9661,16,128,87,11.959296,ok
2026-05-20T08:57:34.670440+00:00,dense,16,Qwen3-8B,,9661,16,128,88,11.959328,ok
2026-05-20T08:57:34.670440+00:00,dense,16,Qwen3-8B,,9661,16,128,89,11.973600,ok
2026-05-20T08:57:34.670440+00:00,dense,16,Qwen3-8B,,9661,16,128,90,11.977760,ok
2026-05-20T08:57:34.670440+00:00,dense,16,Qwen3-8B,,9661,16,128,91,11.979776,ok
2026-05-20T08:57:34.670440+00:00,dense,16,Qwen3-8B,,9661,16,128,92,11.985856,ok
2026-05-20T08:57:34.670440+00:00,dense,16,Qwen3-8B,,9661,16,128,93,11.978784,ok
2026-05-20T08:57:34.670440+00:00,dense,16,Qwen3-8B,,9661,16,128,94,11.973632,ok
2026-05-20T08:57:34.670440+00:00,dense,16,Qwen3-8B,,9661,16,128,95,11.987968,ok
2026-05-20T08:57:34.670440+00:00,dense,16,Qwen3-8B,,9661,16,128,96,11.973632,ok
2026-05-20T08:57:34.670440+00:00,dense,16,Qwen3-8B,,9661,16,128,97,11.977728,ok
2026-05-20T08:57:34.670440+00:00,dense,16,Qwen3-8B,,9661,16,128,98,11.974656,ok
2026-05-20T08:57:34.670440+00:00,dense,16,Qwen3-8B,,9661,16,128,99,11.973632,ok
2026-05-20T08:57:34.670440+00:00,dense,16,Qwen3-8B,,9661,16,128,100,11.977760,ok
2026-05-20T08:57:34.670440+00:00,dense,16,Qwen3-8B,,9661,16,128,101,11.979744,ok
2026-05-20T08:57:34.670440+00:00,dense,16,Qwen3-8B,,9661,16,128,102,12.046336,ok
2026-05-20T08:57:34.670440+00:00,dense,16,Qwen3-8B,,9661,16,128,103,11.979776,ok
2026-05-20T08:57:34.670440+00:00,dense,16,Qwen3-8B,,9661,16,128,104,11.968512,ok
2026-05-20T08:57:34.670440+00:00,dense,16,Qwen3-8B,,9661,16,128,105,11.972608,ok
2026-05-20T08:57:34.670440+00:00,dense,16,Qwen3-8B,,9661,16,128,106,12.006400,ok
2026-05-20T08:57:34.670440+00:00,dense,16,Qwen3-8B,,9661,16,128,107,11.970560,ok
2026-05-20T08:57:34.670440+00:00,dense,16,Qwen3-8B,,9661,16,128,108,11.981824,ok
2026-05-20T08:57:34.670440+00:00,dense,16,Qwen3-8B,,9661,16,128,109,11.971584,ok
2026-05-20T08:57:34.670440+00:00,dense,16,Qwen3-8B,,9661,16,128,110,11.982848,ok
2026-05-20T08:57:34.670440+00:00,dense,16,Qwen3-8B,,9661,16,128,111,11.972608,ok
2026-05-20T08:57:34.670440+00:00,dense,16,Qwen3-8B,,9661,16,128,112,11.968512,ok
2026-05-20T08:57:34.670440+00:00,dense,16,Qwen3-8B,,9661,16,128,113,11.970560,ok
2026-05-20T08:57:34.670440+00:00,dense,16,Qwen3-8B,,9661,16,128,114,11.972768,ok
2026-05-20T08:57:34.670440+00:00,dense,16,Qwen3-8B,,9661,16,128,115,11.973472,ok
2026-05-20T08:57:34.670440+00:00,dense,16,Qwen3-8B,,9661,16,128,116,11.955200,ok
2026-05-20T08:57:34.670440+00:00,dense,16,Qwen3-8B,,9661,16,128,117,11.963392,ok
2026-05-20T08:57:34.670440+00:00,dense,16,Qwen3-8B,,9661,16,128,118,11.958272,ok
2026-05-20T08:57:34.670440+00:00,dense,16,Qwen3-8B,,9661,16,128,119,11.982848,ok
2026-05-20T08:57:34.670440+00:00,dense,16,Qwen3-8B,,9661,16,128,120,11.978848,ok
2026-05-20T08:57:34.670440+00:00,dense,16,Qwen3-8B,,9661,16,128,121,11.972512,ok
2026-05-20T08:57:34.670440+00:00,dense,16,Qwen3-8B,,9661,16,128,122,12.058624,ok
2026-05-20T08:57:34.670440+00:00,dense,16,Qwen3-8B,,9661,16,128,123,11.985920,ok
2026-05-20T08:57:34.670440+00:00,dense,16,Qwen3-8B,,9661,16,128,124,11.974656,ok
2026-05-20T08:57:34.670440+00:00,dense,16,Qwen3-8B,,9661,16,128,125,11.975680,ok
2026-05-20T08:57:34.670440+00:00,dense,16,Qwen3-8B,,9661,16,128,126,11.954144,ok
2026-05-20T08:57:34.670440+00:00,dense,16,Qwen3-8B,,9661,16,128,127,12.356640,ok
2026-05-20T08:57:34.670440+00:00,dense,32,Qwen3-8B,,9661,16,128,0,19.158720,ok
2026-05-20T08:57:34.670440+00:00,dense,32,Qwen3-8B,,9661,16,128,1,19.068928,ok
2026-05-20T08:57:34.670440+00:00,dense,32,Qwen3-8B,,9661,16,128,2,19.058687,ok
2026-05-20T08:57:34.670440+00:00,dense,32,Qwen3-8B,,9661,16,128,3,19.131489,ok
2026-05-20T08:57:34.670440+00:00,dense,32,Qwen3-8B,,9661,16,128,4,19.122080,ok
2026-05-20T08:57:34.670440+00:00,dense,32,Qwen3-8B,,9661,16,128,5,19.111937,ok
2026-05-20T08:57:34.670440+00:00,dense,32,Qwen3-8B,,9661,16,128,6,19.107840,ok
2026-05-20T08:57:34.670440+00:00,dense,32,Qwen3-8B,,9661,16,128,7,19.111937,ok
2026-05-20T08:57:34.670440+00:00,dense,32,Qwen3-8B,,9661,16,128,8,19.119104,ok
2026-05-20T08:57:34.670440+00:00,dense,32,Qwen3-8B,,9661,16,128,9,19.118080,ok
2026-05-20T08:57:34.670440+00:00,dense,32,Qwen3-8B,,9661,16,128,10,19.120129,ok
2026-05-20T08:57:34.670440+00:00,dense,32,Qwen3-8B,,9661,16,128,11,19.141632,ok
2026-05-20T08:57:34.670440+00:00,dense,32,Qwen3-8B,,9661,16,128,12,19.137665,ok
2026-05-20T08:57:34.670440+00:00,dense,32,Qwen3-8B,,9661,16,128,13,19.532673,ok
2026-05-20T08:57:34.670440+00:00,dense,32,Qwen3-8B,,9661,16,128,14,19.120129,ok
2026-05-20T08:57:34.670440+00:00,dense,32,Qwen3-8B,,9661,16,128,15,19.143681,ok
2026-05-20T08:57:34.670440+00:00,dense,32,Qwen3-8B,,9661,16,128,16,19.136513,ok
2026-05-20T08:57:34.670440+00:00,dense,32,Qwen3-8B,,9661,16,128,17,19.131359,ok
2026-05-20T08:57:34.670440+00:00,dense,32,Qwen3-8B,,9661,16,128,18,19.119137,ok
2026-05-20T08:57:34.670440+00:00,dense,32,Qwen3-8B,,9661,16,128,19,19.118080,ok
2026-05-20T08:57:34.670440+00:00,dense,32,Qwen3-8B,,9661,16,128,20,19.115007,ok
2026-05-20T08:57:34.670440+00:00,dense,32,Qwen3-8B,,9661,16,128,21,19.120129,ok
2026-05-20T08:57:34.670440+00:00,dense,32,Qwen3-8B,,9661,16,128,22,19.115007,ok
2026-05-20T08:57:34.670440+00:00,dense,32,Qwen3-8B,,9661,16,128,23,19.110912,ok
2026-05-20T08:57:34.670440+00:00,dense,32,Qwen3-8B,,9661,16,128,24,19.109953,ok
2026-05-20T08:57:34.670440+00:00,dense,32,Qwen3-8B,,9661,16,128,25,19.110815,ok
2026-05-20T08:57:34.670440+00:00,dense,32,Qwen3-8B,,9661,16,128,26,19.164192,ok
2026-05-20T08:57:34.670440+00:00,dense,32,Qwen3-8B,,9661,16,128,27,19.192833,ok
2026-05-20T08:57:34.670440+00:00,dense,32,Qwen3-8B,,9661,16,128,28,19.125248,ok
2026-05-20T08:57:34.670440+00:00,dense,32,Qwen3-8B,,9661,16,128,29,19.122175,ok
2026-05-20T08:57:34.670440+00:00,dense,32,Qwen3-8B,,9661,16,128,30,19.113983,ok
2026-05-20T08:57:34.670440+00:00,dense,32,Qwen3-8B,,9661,16,128,31,19.109888,ok
2026-05-20T08:57:34.670440+00:00,dense,32,Qwen3-8B,,9661,16,128,32,19.141600,ok
2026-05-20T08:57:34.670440+00:00,dense,32,Qwen3-8B,,9661,16,128,33,19.119104,ok
2026-05-20T08:57:34.670440+00:00,dense,32,Qwen3-8B,,9661,16,128,34,19.127296,ok
2026-05-20T08:57:34.670440+00:00,dense,32,Qwen3-8B,,9661,16,128,35,19.115040,ok
2026-05-20T08:57:34.670440+00:00,dense,32,Qwen3-8B,,9661,16,128,36,19.106785,ok
2026-05-20T08:57:34.670440+00:00,dense,32,Qwen3-8B,,9661,16,128,37,19.124256,ok
2026-05-20T08:57:34.670440+00:00,dense,32,Qwen3-8B,,9661,16,128,38,19.115007,ok
2026-05-20T08:57:34.670440+00:00,dense,32,Qwen3-8B,,9661,16,128,39,19.106815,ok
2026-05-20T08:57:34.670440+00:00,dense,32,Qwen3-8B,,9661,16,128,40,19.115007,ok
2026-05-20T08:57:34.670440+00:00,dense,32,Qwen3-8B,,9661,16,128,41,19.165184,ok
2026-05-20T08:57:34.670440+00:00,dense,32,Qwen3-8B,,9661,16,128,42,19.120096,ok
2026-05-20T08:57:34.670440+00:00,dense,32,Qwen3-8B,,9661,16,128,43,19.172384,ok
2026-05-20T08:57:34.670440+00:00,dense,32,Qwen3-8B,,9661,16,128,44,19.174433,ok
2026-05-20T08:57:34.670440+00:00,dense,32,Qwen3-8B,,9661,16,128,45,19.239904,ok
2026-05-20T08:57:34.670440+00:00,dense,32,Qwen3-8B,,9661,16,128,46,19.184641,ok
2026-05-20T08:57:34.670440+00:00,dense,32,Qwen3-8B,,9661,16,128,47,19.182592,ok
2026-05-20T08:57:34.670440+00:00,dense,32,Qwen3-8B,,9661,16,128,48,19.170303,ok
2026-05-20T08:57:34.670440+00:00,dense,32,Qwen3-8B,,9661,16,128,49,19.161089,ok
2026-05-20T08:57:34.670440+00:00,dense,32,Qwen3-8B,,9661,16,128,50,19.185633,ok
2026-05-20T08:57:34.670440+00:00,dense,32,Qwen3-8B,,9661,16,128,51,19.176479,ok
2026-05-20T08:57:34.670440+00:00,dense,32,Qwen3-8B,,9661,16,128,52,19.170303,ok
2026-05-20T08:57:34.670440+00:00,dense,32,Qwen3-8B,,9661,16,128,53,19.163136,ok
2026-05-20T08:57:34.670440+00:00,dense,32,Qwen3-8B,,9661,16,128,54,19.144705,ok
2026-05-20T08:57:34.670440+00:00,dense,32,Qwen3-8B,,9661,16,128,55,19.185633,ok
2026-05-20T08:57:34.670440+00:00,dense,32,Qwen3-8B,,9661,16,128,56,19.178528,ok
2026-05-20T08:57:34.670440+00:00,dense,32,Qwen3-8B,,9661,16,128,57,19.163103,ok
2026-05-20T08:57:34.670440+00:00,dense,32,Qwen3-8B,,9661,16,128,58,19.170336,ok
2026-05-20T08:57:34.670440+00:00,dense,32,Qwen3-8B,,9661,16,128,59,19.146721,ok
2026-05-20T08:57:34.670440+00:00,dense,32,Qwen3-8B,,9661,16,128,60,19.160065,ok
2026-05-20T08:57:34.670440+00:00,dense,32,Qwen3-8B,,9661,16,128,61,19.175488,ok
2026-05-20T08:57:34.670440+00:00,dense,32,Qwen3-8B,,9661,16,128,62,19.169249,ok
2026-05-20T08:57:34.670440+00:00,dense,32,Qwen3-8B,,9661,16,128,63,19.167233,ok
2026-05-20T08:57:34.670440+00:00,dense,32,Qwen3-8B,,9661,16,128,64,19.164160,ok
2026-05-20T08:57:34.670440+00:00,dense,32,Qwen3-8B,,9661,16,128,65,19.156992,ok
2026-05-20T08:57:34.670440+00:00,dense,32,Qwen3-8B,,9661,16,128,66,19.174496,ok
2026-05-20T08:57:34.670440+00:00,dense,32,Qwen3-8B,,9661,16,128,67,19.169184,ok
2026-05-20T08:57:34.670440+00:00,dense,32,Qwen3-8B,,9661,16,128,68,19.163103,ok
2026-05-20T08:57:34.670440+00:00,dense,32,Qwen3-8B,,9661,16,128,69,19.159040,ok
2026-05-20T08:57:34.670440+00:00,dense,32,Qwen3-8B,,9661,16,128,70,19.160065,ok
2026-05-20T08:57:34.670440+00:00,dense,32,Qwen3-8B,,9661,16,128,71,19.165216,ok
2026-05-20T08:57:34.670440+00:00,dense,32,Qwen3-8B,,9661,16,128,72,19.170303,ok
2026-05-20T08:57:34.670440+00:00,dense,32,Qwen3-8B,,9661,16,128,73,19.160032,ok
2026-05-20T08:57:34.670440+00:00,dense,32,Qwen3-8B,,9661,16,128,74,19.162111,ok
2026-05-20T08:57:34.670440+00:00,dense,32,Qwen3-8B,,9661,16,128,75,19.170336,ok
2026-05-20T08:57:34.670440+00:00,dense,32,Qwen3-8B,,9661,16,128,76,19.172352,ok
2026-05-20T08:57:34.670440+00:00,dense,32,Qwen3-8B,,9661,16,128,77,19.406849,ok
2026-05-20T08:57:34.670440+00:00,dense,32,Qwen3-8B,,9661,16,128,78,19.261440,ok
2026-05-20T08:57:34.670440+00:00,dense,32,Qwen3-8B,,9661,16,128,79,19.267584,ok
2026-05-20T08:57:34.670440+00:00,dense,32,Qwen3-8B,,9661,16,128,80,19.353600,ok
2026-05-20T08:57:34.670440+00:00,dense,32,Qwen3-8B,,9661,16,128,81,19.491808,ok
2026-05-20T08:57:34.670440+00:00,dense,32,Qwen3-8B,,9661,16,128,82,19.531809,ok
2026-05-20T08:57:34.670440+00:00,dense,32,Qwen3-8B,,9661,16,128,83,19.513344,ok
2026-05-20T08:57:34.670440+00:00,dense,32,Qwen3-8B,,9661,16,128,84,19.364864,ok
2026-05-20T08:57:34.670440+00:00,dense,32,Qwen3-8B,,9661,16,128,85,19.378208,ok
2026-05-20T08:57:34.670440+00:00,dense,32,Qwen3-8B,,9661,16,128,86,19.338177,ok
2026-05-20T08:57:34.670440+00:00,dense,32,Qwen3-8B,,9661,16,128,87,19.360767,ok
2026-05-20T08:57:34.670440+00:00,dense,32,Qwen3-8B,,9661,16,128,88,19.415071,ok
2026-05-20T08:57:34.670440+00:00,dense,32,Qwen3-8B,,9661,16,128,89,19.395584,ok
2026-05-20T08:57:34.670440+00:00,dense,32,Qwen3-8B,,9661,16,128,90,19.323904,ok
2026-05-20T08:57:34.670440+00:00,dense,32,Qwen3-8B,,9661,16,128,91,19.283936,ok
2026-05-20T08:57:34.670440+00:00,dense,32,Qwen3-8B,,9661,16,128,92,19.292192,ok
2026-05-20T08:57:34.670440+00:00,dense,32,Qwen3-8B,,9661,16,128,93,19.283968,ok
2026-05-20T08:57:34.670440+00:00,dense,32,Qwen3-8B,,9661,16,128,94,19.301409,ok
2026-05-20T08:57:34.670440+00:00,dense,32,Qwen3-8B,,9661,16,128,95,19.275743,ok
2026-05-20T08:57:34.670440+00:00,dense,32,Qwen3-8B,,9661,16,128,96,21.983232,ok
2026-05-20T08:57:34.670440+00:00,dense,32,Qwen3-8B,,9661,16,128,97,19.338272,ok
2026-05-20T08:57:34.670440+00:00,dense,32,Qwen3-8B,,9661,16,128,98,19.260384,ok
2026-05-20T08:57:34.670440+00:00,dense,32,Qwen3-8B,,9661,16,128,99,19.270784,ok
2026-05-20T08:57:34.670440+00:00,dense,32,Qwen3-8B,,9661,16,128,100,19.294048,ok
2026-05-20T08:57:34.670440+00:00,dense,32,Qwen3-8B,,9661,16,128,101,19.320864,ok
2026-05-20T08:57:34.670440+00:00,dense,32,Qwen3-8B,,9661,16,128,102,19.254240,ok
2026-05-20T08:57:34.670440+00:00,dense,32,Qwen3-8B,,9661,16,128,103,19.325983,ok
2026-05-20T08:57:34.670440+00:00,dense,32,Qwen3-8B,,9661,16,128,104,19.335199,ok
2026-05-20T08:57:34.670440+00:00,dense,32,Qwen3-8B,,9661,16,128,105,19.275841,ok
2026-05-20T08:57:34.670440+00:00,dense,32,Qwen3-8B,,9661,16,128,106,19.252129,ok
2026-05-20T08:57:34.670440+00:00,dense,32,Qwen3-8B,,9661,16,128,107,19.236864,ok
2026-05-20T08:57:34.670440+00:00,dense,32,Qwen3-8B,,9661,16,128,108,19.240992,ok
2026-05-20T08:57:34.670440+00:00,dense,32,Qwen3-8B,,9661,16,128,109,19.238880,ok
2026-05-20T08:57:34.670440+00:00,dense,32,Qwen3-8B,,9661,16,128,110,19.217472,ok
2026-05-20T08:57:34.670440+00:00,dense,32,Qwen3-8B,,9661,16,128,111,19.217344,ok
2026-05-20T08:57:34.670440+00:00,dense,32,Qwen3-8B,,9661,16,128,112,19.241089,ok
2026-05-20T08:57:34.670440+00:00,dense,32,Qwen3-8B,,9661,16,128,113,19.232704,ok
2026-05-20T08:57:34.670440+00:00,dense,32,Qwen3-8B,,9661,16,128,114,19.221439,ok
2026-05-20T08:57:34.670440+00:00,dense,32,Qwen3-8B,,9661,16,128,115,19.218399,ok
2026-05-20T08:57:34.670440+00:00,dense,32,Qwen3-8B,,9661,16,128,116,19.217472,ok
2026-05-20T08:57:34.670440+00:00,dense,32,Qwen3-8B,,9661,16,128,117,19.214304,ok
2026-05-20T08:57:34.670440+00:00,dense,32,Qwen3-8B,,9661,16,128,118,19.230721,ok
2026-05-20T08:57:34.670440+00:00,dense,32,Qwen3-8B,,9661,16,128,119,19.232960,ok
2026-05-20T08:57:34.670440+00:00,dense,32,Qwen3-8B,,9661,16,128,120,19.236671,ok
2026-05-20T08:57:34.670440+00:00,dense,32,Qwen3-8B,,9661,16,128,121,19.224545,ok
2026-05-20T08:57:34.670440+00:00,dense,32,Qwen3-8B,,9661,16,128,122,19.238943,ok
2026-05-20T08:57:34.670440+00:00,dense,32,Qwen3-8B,,9661,16,128,123,19.323904,ok
2026-05-20T08:57:34.670440+00:00,dense,32,Qwen3-8B,,9661,16,128,124,19.295361,ok
2026-05-20T08:57:34.670440+00:00,dense,32,Qwen3-8B,,9661,16,128,125,19.276640,ok
2026-05-20T08:57:34.670440+00:00,dense,32,Qwen3-8B,,9661,16,128,126,19.264511,ok
2026-05-20T08:57:34.670440+00:00,dense,32,Qwen3-8B,,9661,16,128,127,19.305504,ok
2026-05-20T08:57:34.670440+00:00,dense,64,Qwen3-8B,,9661,16,128,-1,,oom
2026-05-20T09:14:41.445189+00:00,quest,1,Qwen3-8B,64,9661,16,128,0,5.640544,ok
2026-05-20T09:14:41.445189+00:00,quest,1,Qwen3-8B,64,9661,16,128,1,5.533728,ok
2026-05-20T09:14:41.445189+00:00,quest,1,Qwen3-8B,64,9661,16,128,2,5.599200,ok
2026-05-20T09:14:41.445189+00:00,quest,1,Qwen3-8B,64,9661,16,128,3,5.532704,ok
2026-05-20T09:14:41.445189+00:00,quest,1,Qwen3-8B,64,9661,16,128,4,5.550048,ok
2026-05-20T09:14:41.445189+00:00,quest,1,Qwen3-8B,64,9661,16,128,5,5.529600,ok
2026-05-20T09:14:41.445189+00:00,quest,1,Qwen3-8B,64,9661,16,128,6,5.520416,ok
2026-05-20T09:14:41.445189+00:00,quest,1,Qwen3-8B,64,9661,16,128,7,5.520448,ok
2026-05-20T09:14:41.445189+00:00,quest,1,Qwen3-8B,64,9661,16,128,8,5.532576,ok
2026-05-20T09:14:41.445189+00:00,quest,1,Qwen3-8B,64,9661,16,128,9,5.537792,ok
2026-05-20T09:14:41.445189+00:00,quest,1,Qwen3-8B,64,9661,16,128,10,5.529632,ok
2026-05-20T09:14:41.445189+00:00,quest,1,Qwen3-8B,64,9661,16,128,11,5.532672,ok
2026-05-20T09:14:41.445189+00:00,quest,1,Qwen3-8B,64,9661,16,128,12,5.509088,ok
2026-05-20T09:14:41.445189+00:00,quest,1,Qwen3-8B,64,9661,16,128,13,5.532672,ok
2026-05-20T09:14:41.445189+00:00,quest,1,Qwen3-8B,64,9661,16,128,14,5.532672,ok
2026-05-20T09:14:41.445189+00:00,quest,1,Qwen3-8B,64,9661,16,128,15,5.537824,ok
2026-05-20T09:14:41.445189+00:00,quest,1,Qwen3-8B,64,9661,16,128,16,5.523456,ok
2026-05-20T09:14:41.445189+00:00,quest,1,Qwen3-8B,64,9661,16,128,17,5.517280,ok
2026-05-20T09:14:41.445189+00:00,quest,1,Qwen3-8B,64,9661,16,128,18,5.586944,ok
2026-05-20T09:14:41.445189+00:00,quest,1,Qwen3-8B,64,9661,16,128,19,5.549056,ok
2026-05-20T09:14:41.445189+00:00,quest,1,Qwen3-8B,64,9661,16,128,20,5.551104,ok
2026-05-20T09:14:41.445189+00:00,quest,1,Qwen3-8B,64,9661,16,128,21,5.535744,ok
2026-05-20T09:14:41.445189+00:00,quest,1,Qwen3-8B,64,9661,16,128,22,5.548032,ok
2026-05-20T09:14:41.445189+00:00,quest,1,Qwen3-8B,64,9661,16,128,23,5.540896,ok
2026-05-20T09:14:41.445189+00:00,quest,1,Qwen3-8B,64,9661,16,128,24,5.526496,ok
2026-05-20T09:14:41.445189+00:00,quest,1,Qwen3-8B,64,9661,16,128,25,5.529632,ok
2026-05-20T09:14:41.445189+00:00,quest,1,Qwen3-8B,64,9661,16,128,26,5.525504,ok
2026-05-20T09:14:41.445189+00:00,quest,1,Qwen3-8B,64,9661,16,128,27,5.529600,ok
2026-05-20T09:14:41.445189+00:00,quest,1,Qwen3-8B,64,9661,16,128,28,5.536736,ok
2026-05-20T09:14:41.445189+00:00,quest,1,Qwen3-8B,64,9661,16,128,29,5.605376,ok
2026-05-20T09:14:41.445189+00:00,quest,1,Qwen3-8B,64,9661,16,128,30,5.550112,ok
2026-05-20T09:14:41.445189+00:00,quest,1,Qwen3-8B,64,9661,16,128,31,5.556224,ok
2026-05-20T09:14:41.445189+00:00,quest,1,Qwen3-8B,64,9661,16,128,32,5.531616,ok
2026-05-20T09:14:41.445189+00:00,quest,1,Qwen3-8B,64,9661,16,128,33,5.544960,ok
2026-05-20T09:14:41.445189+00:00,quest,1,Qwen3-8B,64,9661,16,128,34,5.598208,ok
2026-05-20T09:14:41.445189+00:00,quest,1,Qwen3-8B,64,9661,16,128,35,5.538816,ok
2026-05-20T09:14:41.445189+00:00,quest,1,Qwen3-8B,64,9661,16,128,36,5.550176,ok
2026-05-20T09:14:41.445189+00:00,quest,1,Qwen3-8B,64,9661,16,128,37,5.545888,ok
2026-05-20T09:14:41.445189+00:00,quest,1,Qwen3-8B,64,9661,16,128,38,5.540864,ok
2026-05-20T09:14:41.445189+00:00,quest,1,Qwen3-8B,64,9661,16,128,39,5.519360,ok
2026-05-20T09:14:41.445189+00:00,quest,1,Qwen3-8B,64,9661,16,128,40,5.533728,ok
2026-05-20T09:14:41.445189+00:00,quest,1,Qwen3-8B,64,9661,16,128,41,5.537792,ok
2026-05-20T09:14:41.445189+00:00,quest,1,Qwen3-8B,64,9661,16,128,42,5.550048,ok
2026-05-20T09:14:41.445189+00:00,quest,1,Qwen3-8B,64,9661,16,128,43,5.523488,ok
2026-05-20T09:14:41.445189+00:00,quest,1,Qwen3-8B,64,9661,16,128,44,5.533696,ok
2026-05-20T09:14:41.445189+00:00,quest,1,Qwen3-8B,64,9661,16,128,45,5.543936,ok
2026-05-20T09:14:41.445189+00:00,quest,1,Qwen3-8B,64,9661,16,128,46,5.528544,ok
2026-05-20T09:14:41.445189+00:00,quest,1,Qwen3-8B,64,9661,16,128,47,5.537824,ok
2026-05-20T09:14:41.445189+00:00,quest,1,Qwen3-8B,64,9661,16,128,48,5.518336,ok
2026-05-20T09:14:41.445189+00:00,quest,1,Qwen3-8B,64,9661,16,128,49,5.532736,ok
2026-05-20T09:14:41.445189+00:00,quest,1,Qwen3-8B,64,9661,16,128,50,5.599136,ok
2026-05-20T09:14:41.445189+00:00,quest,1,Qwen3-8B,64,9661,16,128,51,5.528576,ok
2026-05-20T09:14:41.445189+00:00,quest,1,Qwen3-8B,64,9661,16,128,52,5.518336,ok
2026-05-20T09:14:41.445189+00:00,quest,1,Qwen3-8B,64,9661,16,128,53,5.512224,ok
2026-05-20T09:14:41.445189+00:00,quest,1,Qwen3-8B,64,9661,16,128,54,5.527520,ok
2026-05-20T09:14:41.445189+00:00,quest,1,Qwen3-8B,64,9661,16,128,55,5.540896,ok
2026-05-20T09:14:41.445189+00:00,quest,1,Qwen3-8B,64,9661,16,128,56,5.548096,ok
2026-05-20T09:14:41.445189+00:00,quest,1,Qwen3-8B,64,9661,16,128,57,5.515200,ok
2026-05-20T09:14:41.445189+00:00,quest,1,Qwen3-8B,64,9661,16,128,58,5.539808,ok
2026-05-20T09:14:41.445189+00:00,quest,1,Qwen3-8B,64,9661,16,128,59,5.524480,ok
2026-05-20T09:14:41.445189+00:00,quest,1,Qwen3-8B,64,9661,16,128,60,5.530656,ok
2026-05-20T09:14:41.445189+00:00,quest,1,Qwen3-8B,64,9661,16,128,61,5.512192,ok
2026-05-20T09:14:41.445189+00:00,quest,1,Qwen3-8B,64,9661,16,128,62,5.526496,ok
2026-05-20T09:14:41.445189+00:00,quest,1,Qwen3-8B,64,9661,16,128,63,5.506048,ok
2026-05-20T09:14:41.445189+00:00,quest,1,Qwen3-8B,64,9661,16,128,64,5.540864,ok
2026-05-20T09:14:41.445189+00:00,quest,1,Qwen3-8B,64,9661,16,128,65,5.529600,ok
2026-05-20T09:14:41.445189+00:00,quest,1,Qwen3-8B,64,9661,16,128,66,5.585952,ok
2026-05-20T09:14:41.445189+00:00,quest,1,Qwen3-8B,64,9661,16,128,67,5.536736,ok
2026-05-20T09:14:41.445189+00:00,quest,1,Qwen3-8B,64,9661,16,128,68,5.530624,ok
2026-05-20T09:14:41.445189+00:00,quest,1,Qwen3-8B,64,9661,16,128,69,5.548064,ok
2026-05-20T09:14:41.445189+00:00,quest,1,Qwen3-8B,64,9661,16,128,70,5.514208,ok
2026-05-20T09:14:41.445189+00:00,quest,1,Qwen3-8B,64,9661,16,128,71,5.525536,ok
2026-05-20T09:14:41.445189+00:00,quest,1,Qwen3-8B,64,9661,16,128,72,5.517280,ok
2026-05-20T09:14:41.445189+00:00,quest,1,Qwen3-8B,64,9661,16,128,73,5.551136,ok
2026-05-20T09:14:41.445189+00:00,quest,1,Qwen3-8B,64,9661,16,128,74,5.525472,ok
2026-05-20T09:14:41.445189+00:00,quest,1,Qwen3-8B,64,9661,16,128,75,5.531648,ok
2026-05-20T09:14:41.445189+00:00,quest,1,Qwen3-8B,64,9661,16,128,76,5.534720,ok
2026-05-20T09:14:41.445189+00:00,quest,1,Qwen3-8B,64,9661,16,128,77,5.516288,ok
2026-05-20T09:14:41.445189+00:00,quest,1,Qwen3-8B,64,9661,16,128,78,5.533696,ok
2026-05-20T09:14:41.445189+00:00,quest,1,Qwen3-8B,64,9661,16,128,79,5.522464,ok
2026-05-20T09:14:41.445189+00:00,quest,1,Qwen3-8B,64,9661,16,128,80,5.539872,ok
2026-05-20T09:14:41.445189+00:00,quest,1,Qwen3-8B,64,9661,16,128,81,5.519328,ok
2026-05-20T09:14:41.445189+00:00,quest,1,Qwen3-8B,64,9661,16,128,82,5.594080,ok
2026-05-20T09:14:41.445189+00:00,quest,1,Qwen3-8B,64,9661,16,128,83,5.520384,ok
2026-05-20T09:14:41.445189+00:00,quest,1,Qwen3-8B,64,9661,16,128,84,5.549088,ok
2026-05-20T09:14:41.445189+00:00,quest,1,Qwen3-8B,64,9661,16,128,85,5.537760,ok
2026-05-20T09:14:41.445189+00:00,quest,1,Qwen3-8B,64,9661,16,128,86,5.515296,ok
2026-05-20T09:14:41.445189+00:00,quest,1,Qwen3-8B,64,9661,16,128,87,5.526528,ok
2026-05-20T09:14:41.445189+00:00,quest,1,Qwen3-8B,64,9661,16,128,88,5.530592,ok
2026-05-20T09:14:41.445189+00:00,quest,1,Qwen3-8B,64,9661,16,128,89,5.539968,ok
2026-05-20T09:14:41.445189+00:00,quest,1,Qwen3-8B,64,9661,16,128,90,5.518240,ok
2026-05-20T09:14:41.445189+00:00,quest,1,Qwen3-8B,64,9661,16,128,91,5.524480,ok
2026-05-20T09:14:41.445189+00:00,quest,1,Qwen3-8B,64,9661,16,128,92,5.508064,ok
2026-05-20T09:14:41.445189+00:00,quest,1,Qwen3-8B,64,9661,16,128,93,5.542912,ok
2026-05-20T09:14:41.445189+00:00,quest,1,Qwen3-8B,64,9661,16,128,94,5.523488,ok
2026-05-20T09:14:41.445189+00:00,quest,1,Qwen3-8B,64,9661,16,128,95,5.534688,ok
2026-05-20T09:14:41.445189+00:00,quest,1,Qwen3-8B,64,9661,16,128,96,5.531648,ok
2026-05-20T09:14:41.445189+00:00,quest,1,Qwen3-8B,64,9661,16,128,97,5.520384,ok
2026-05-20T09:14:41.445189+00:00,quest,1,Qwen3-8B,64,9661,16,128,98,5.597184,ok
2026-05-20T09:14:41.445189+00:00,quest,1,Qwen3-8B,64,9661,16,128,99,5.529632,ok
2026-05-20T09:14:41.445189+00:00,quest,1,Qwen3-8B,64,9661,16,128,100,5.526496,ok
2026-05-20T09:14:41.445189+00:00,quest,1,Qwen3-8B,64,9661,16,128,101,5.514272,ok
2026-05-20T09:14:41.445189+00:00,quest,1,Qwen3-8B,64,9661,16,128,102,5.534688,ok
2026-05-20T09:14:41.445189+00:00,quest,1,Qwen3-8B,64,9661,16,128,103,5.527584,ok
2026-05-20T09:14:41.445189+00:00,quest,1,Qwen3-8B,64,9661,16,128,104,5.536736,ok
2026-05-20T09:14:41.445189+00:00,quest,1,Qwen3-8B,64,9661,16,128,105,5.520384,ok
2026-05-20T09:14:41.445189+00:00,quest,1,Qwen3-8B,64,9661,16,128,106,5.510144,ok
2026-05-20T09:14:41.445189+00:00,quest,1,Qwen3-8B,64,9661,16,128,107,5.546016,ok
2026-05-20T09:14:41.445189+00:00,quest,1,Qwen3-8B,64,9661,16,128,108,5.540832,ok
2026-05-20T09:14:41.445189+00:00,quest,1,Qwen3-8B,64,9661,16,128,109,5.536768,ok
2026-05-20T09:14:41.445189+00:00,quest,1,Qwen3-8B,64,9661,16,128,110,5.525536,ok
2026-05-20T09:14:41.445189+00:00,quest,1,Qwen3-8B,64,9661,16,128,111,5.522400,ok
2026-05-20T09:14:41.445189+00:00,quest,1,Qwen3-8B,64,9661,16,128,112,5.536768,ok
2026-05-20T09:14:41.445189+00:00,quest,1,Qwen3-8B,64,9661,16,128,113,5.533728,ok
2026-05-20T09:14:41.445189+00:00,quest,1,Qwen3-8B,64,9661,16,128,114,5.588960,ok
2026-05-20T09:14:41.445189+00:00,quest,1,Qwen3-8B,64,9661,16,128,115,5.530624,ok
2026-05-20T09:14:41.445189+00:00,quest,1,Qwen3-8B,64,9661,16,128,116,5.527616,ok
2026-05-20T09:14:41.445189+00:00,quest,1,Qwen3-8B,64,9661,16,128,117,5.535712,ok
2026-05-20T09:14:41.445189+00:00,quest,1,Qwen3-8B,64,9661,16,128,118,5.537760,ok
2026-05-20T09:14:41.445189+00:00,quest,1,Qwen3-8B,64,9661,16,128,119,5.527584,ok
2026-05-20T09:14:41.445189+00:00,quest,1,Qwen3-8B,64,9661,16,128,120,5.535744,ok
2026-05-20T09:14:41.445189+00:00,quest,1,Qwen3-8B,64,9661,16,128,121,5.527520,ok
2026-05-20T09:14:41.445189+00:00,quest,1,Qwen3-8B,64,9661,16,128,122,5.562400,ok
2026-05-20T09:14:41.445189+00:00,quest,1,Qwen3-8B,64,9661,16,128,123,5.542880,ok
2026-05-20T09:14:41.445189+00:00,quest,1,Qwen3-8B,64,9661,16,128,124,5.527552,ok
2026-05-20T09:14:41.445189+00:00,quest,1,Qwen3-8B,64,9661,16,128,125,5.542976,ok
2026-05-20T09:14:41.445189+00:00,quest,1,Qwen3-8B,64,9661,16,128,126,5.540864,ok
2026-05-20T09:14:41.445189+00:00,quest,1,Qwen3-8B,64,9661,16,128,127,5.563360,ok
2026-05-20T09:14:41.445189+00:00,quest,2,Qwen3-8B,64,9661,16,128,0,5.797472,ok
2026-05-20T09:14:41.445189+00:00,quest,2,Qwen3-8B,64,9661,16,128,1,5.740544,ok
2026-05-20T09:14:41.445189+00:00,quest,2,Qwen3-8B,64,9661,16,128,2,5.813280,ok
2026-05-20T09:14:41.445189+00:00,quest,2,Qwen3-8B,64,9661,16,128,3,5.715936,ok
2026-05-20T09:14:41.445189+00:00,quest,2,Qwen3-8B,64,9661,16,128,4,5.708800,ok
2026-05-20T09:14:41.445189+00:00,quest,2,Qwen3-8B,64,9661,16,128,5,5.718016,ok
2026-05-20T09:14:41.445189+00:00,quest,2,Qwen3-8B,64,9661,16,128,6,5.730304,ok
2026-05-20T09:14:41.445189+00:00,quest,2,Qwen3-8B,64,9661,16,128,7,5.730304,ok
2026-05-20T09:14:41.445189+00:00,quest,2,Qwen3-8B,64,9661,16,128,8,5.722176,ok
2026-05-20T09:14:41.445189+00:00,quest,2,Qwen3-8B,64,9661,16,128,9,5.720000,ok
2026-05-20T09:14:41.445189+00:00,quest,2,Qwen3-8B,64,9661,16,128,10,5.730336,ok
2026-05-20T09:14:41.445189+00:00,quest,2,Qwen3-8B,64,9661,16,128,11,5.728224,ok
2026-05-20T09:14:41.445189+00:00,quest,2,Qwen3-8B,64,9661,16,128,12,5.713920,ok
2026-05-20T09:14:41.445189+00:00,quest,2,Qwen3-8B,64,9661,16,128,13,5.705728,ok
2026-05-20T09:14:41.445189+00:00,quest,2,Qwen3-8B,64,9661,16,128,14,5.712000,ok
2026-05-20T09:14:41.445189+00:00,quest,2,Qwen3-8B,64,9661,16,128,15,5.727136,ok
2026-05-20T09:14:41.445189+00:00,quest,2,Qwen3-8B,64,9661,16,128,16,5.728256,ok
2026-05-20T09:14:41.445189+00:00,quest,2,Qwen3-8B,64,9661,16,128,17,5.712896,ok
2026-05-20T09:14:41.445189+00:00,quest,2,Qwen3-8B,64,9661,16,128,18,5.775360,ok
2026-05-20T09:14:41.445189+00:00,quest,2,Qwen3-8B,64,9661,16,128,19,5.720032,ok
2026-05-20T09:14:41.445189+00:00,quest,2,Qwen3-8B,64,9661,16,128,20,5.719040,ok
2026-05-20T09:14:41.445189+00:00,quest,2,Qwen3-8B,64,9661,16,128,21,5.726240,ok
2026-05-20T09:14:41.445189+00:00,quest,2,Qwen3-8B,64,9661,16,128,22,5.711840,ok
2026-05-20T09:14:41.445189+00:00,quest,2,Qwen3-8B,64,9661,16,128,23,5.724288,ok
2026-05-20T09:14:41.445189+00:00,quest,2,Qwen3-8B,64,9661,16,128,24,5.734272,ok
2026-05-20T09:14:41.445189+00:00,quest,2,Qwen3-8B,64,9661,16,128,25,5.710848,ok
2026-05-20T09:14:41.445189+00:00,quest,2,Qwen3-8B,64,9661,16,128,26,5.708832,ok
2026-05-20T09:14:41.445189+00:00,quest,2,Qwen3-8B,64,9661,16,128,27,5.719040,ok
2026-05-20T09:14:41.445189+00:00,quest,2,Qwen3-8B,64,9661,16,128,28,5.725152,ok
2026-05-20T09:14:41.445189+00:00,quest,2,Qwen3-8B,64,9661,16,128,29,5.716992,ok
2026-05-20T09:14:41.445189+00:00,quest,2,Qwen3-8B,64,9661,16,128,30,5.724160,ok
2026-05-20T09:14:41.445189+00:00,quest,2,Qwen3-8B,64,9661,16,128,31,5.724160,ok
2026-05-20T09:14:41.445189+00:00,quest,2,Qwen3-8B,64,9661,16,128,32,5.711904,ok
2026-05-20T09:14:41.445189+00:00,quest,2,Qwen3-8B,64,9661,16,128,33,5.741536,ok
2026-05-20T09:14:41.445189+00:00,quest,2,Qwen3-8B,64,9661,16,128,34,5.794816,ok
2026-05-20T09:14:41.445189+00:00,quest,2,Qwen3-8B,64,9661,16,128,35,5.741568,ok
2026-05-20T09:14:41.445189+00:00,quest,2,Qwen3-8B,64,9661,16,128,36,5.706752,ok
2026-05-20T09:14:41.445189+00:00,quest,2,Qwen3-8B,64,9661,16,128,37,5.724160,ok
2026-05-20T09:14:41.445189+00:00,quest,2,Qwen3-8B,64,9661,16,128,38,5.728288,ok
2026-05-20T09:14:41.445189+00:00,quest,2,Qwen3-8B,64,9661,16,128,39,5.726208,ok
2026-05-20T09:14:41.445189+00:00,quest,2,Qwen3-8B,64,9661,16,128,40,5.732416,ok
2026-05-20T09:14:41.445189+00:00,quest,2,Qwen3-8B,64,9661,16,128,41,5.707680,ok
2026-05-20T09:14:41.445189+00:00,quest,2,Qwen3-8B,64,9661,16,128,42,5.723136,ok
2026-05-20T09:14:41.445189+00:00,quest,2,Qwen3-8B,64,9661,16,128,43,5.711872,ok
2026-05-20T09:14:41.445189+00:00,quest,2,Qwen3-8B,64,9661,16,128,44,5.715968,ok
2026-05-20T09:14:41.445189+00:00,quest,2,Qwen3-8B,64,9661,16,128,45,5.722112,ok
2026-05-20T09:14:41.445189+00:00,quest,2,Qwen3-8B,64,9661,16,128,46,5.725184,ok
2026-05-20T09:14:41.445189+00:00,quest,2,Qwen3-8B,64,9661,16,128,47,5.725216,ok
2026-05-20T09:14:41.445189+00:00,quest,2,Qwen3-8B,64,9661,16,128,48,5.707776,ok
2026-05-20T09:14:41.445189+00:00,quest,2,Qwen3-8B,64,9661,16,128,49,5.732320,ok
2026-05-20T09:14:41.445189+00:00,quest,2,Qwen3-8B,64,9661,16,128,50,5.784576,ok
2026-05-20T09:14:41.445189+00:00,quest,2,Qwen3-8B,64,9661,16,128,51,5.723168,ok
2026-05-20T09:14:41.445189+00:00,quest,2,Qwen3-8B,64,9661,16,128,52,5.718016,ok
2026-05-20T09:14:41.445189+00:00,quest,2,Qwen3-8B,64,9661,16,128,53,5.726176,ok
2026-05-20T09:14:41.445189+00:00,quest,2,Qwen3-8B,64,9661,16,128,54,5.735424,ok
2026-05-20T09:14:41.445189+00:00,quest,2,Qwen3-8B,64,9661,16,128,55,5.724160,ok
2026-05-20T09:14:41.445189+00:00,quest,2,Qwen3-8B,64,9661,16,128,56,5.726208,ok
2026-05-20T09:14:41.445189+00:00,quest,2,Qwen3-8B,64,9661,16,128,57,5.714944,ok
2026-05-20T09:14:41.445189+00:00,quest,2,Qwen3-8B,64,9661,16,128,58,5.720064,ok
2026-05-20T09:14:41.445189+00:00,quest,2,Qwen3-8B,64,9661,16,128,59,5.723136,ok
2026-05-20T09:14:41.445189+00:00,quest,2,Qwen3-8B,64,9661,16,128,60,5.704736,ok
2026-05-20T09:14:41.445189+00:00,quest,2,Qwen3-8B,64,9661,16,128,61,5.734496,ok
2026-05-20T09:14:41.445189+00:00,quest,2,Qwen3-8B,64,9661,16,128,62,5.715840,ok
2026-05-20T09:14:41.445189+00:00,quest,2,Qwen3-8B,64,9661,16,128,63,5.722144,ok
2026-05-20T09:14:41.445189+00:00,quest,2,Qwen3-8B,64,9661,16,128,64,5.712864,ok
2026-05-20T09:14:41.445189+00:00,quest,2,Qwen3-8B,64,9661,16,128,65,5.718016,ok
2026-05-20T09:14:41.445189+00:00,quest,2,Qwen3-8B,64,9661,16,128,66,5.796864,ok
2026-05-20T09:14:41.445189+00:00,quest,2,Qwen3-8B,64,9661,16,128,67,5.723136,ok
2026-05-20T09:14:41.445189+00:00,quest,2,Qwen3-8B,64,9661,16,128,68,5.746688,ok
2026-05-20T09:14:41.445189+00:00,quest,2,Qwen3-8B,64,9661,16,128,69,5.720064,ok
2026-05-20T09:14:41.445189+00:00,quest,2,Qwen3-8B,64,9661,16,128,70,5.712896,ok
2026-05-20T09:14:41.445189+00:00,quest,2,Qwen3-8B,64,9661,16,128,71,5.737472,ok
2026-05-20T09:14:41.445189+00:00,quest,2,Qwen3-8B,64,9661,16,128,72,5.738528,ok
2026-05-20T09:14:41.445189+00:00,quest,2,Qwen3-8B,64,9661,16,128,73,5.730304,ok
2026-05-20T09:14:41.445189+00:00,quest,2,Qwen3-8B,64,9661,16,128,74,5.710816,ok
2026-05-20T09:14:41.445189+00:00,quest,2,Qwen3-8B,64,9661,16,128,75,5.742592,ok
2026-05-20T09:14:41.445189+00:00,quest,2,Qwen3-8B,64,9661,16,128,76,5.708800,ok
2026-05-20T09:14:41.445189+00:00,quest,2,Qwen3-8B,64,9661,16,128,77,5.721152,ok
2026-05-20T09:14:41.445189+00:00,quest,2,Qwen3-8B,64,9661,16,128,78,5.704640,ok
2026-05-20T09:14:41.445189+00:00,quest,2,Qwen3-8B,64,9661,16,128,79,5.729312,ok
2026-05-20T09:14:41.445189+00:00,quest,2,Qwen3-8B,64,9661,16,128,80,5.717984,ok
2026-05-20T09:14:41.445189+00:00,quest,2,Qwen3-8B,64,9661,16,128,81,5.719168,ok
2026-05-20T09:14:41.445189+00:00,quest,2,Qwen3-8B,64,9661,16,128,82,5.798816,ok
2026-05-20T09:14:41.445189+00:00,quest,2,Qwen3-8B,64,9661,16,128,83,5.714912,ok
2026-05-20T09:14:41.445189+00:00,quest,2,Qwen3-8B,64,9661,16,128,84,5.743616,ok
2026-05-20T09:14:41.445189+00:00,quest,2,Qwen3-8B,64,9661,16,128,85,5.728256,ok
2026-05-20T09:14:41.445189+00:00,quest,2,Qwen3-8B,64,9661,16,128,86,5.731424,ok
2026-05-20T09:14:41.445189+00:00,quest,2,Qwen3-8B,64,9661,16,128,87,5.715872,ok
2026-05-20T09:14:41.445189+00:00,quest,2,Qwen3-8B,64,9661,16,128,88,5.734432,ok
2026-05-20T09:14:41.445189+00:00,quest,2,Qwen3-8B,64,9661,16,128,89,5.736448,ok
2026-05-20T09:14:41.445189+00:00,quest,2,Qwen3-8B,64,9661,16,128,90,5.725184,ok
2026-05-20T09:14:41.445189+00:00,quest,2,Qwen3-8B,64,9661,16,128,91,5.729248,ok
2026-05-20T09:14:41.445189+00:00,quest,2,Qwen3-8B,64,9661,16,128,92,5.707776,ok
2026-05-20T09:14:41.445189+00:00,quest,2,Qwen3-8B,64,9661,16,128,93,5.708832,ok
2026-05-20T09:14:41.445189+00:00,quest,2,Qwen3-8B,64,9661,16,128,94,5.698528,ok
2026-05-20T09:14:41.445189+00:00,quest,2,Qwen3-8B,64,9661,16,128,95,5.738528,ok
2026-05-20T09:14:41.445189+00:00,quest,2,Qwen3-8B,64,9661,16,128,96,5.729280,ok
2026-05-20T09:14:41.445189+00:00,quest,2,Qwen3-8B,64,9661,16,128,97,5.715936,ok
2026-05-20T09:14:41.445189+00:00,quest,2,Qwen3-8B,64,9661,16,128,98,5.813280,ok
2026-05-20T09:14:41.445189+00:00,quest,2,Qwen3-8B,64,9661,16,128,99,5.724160,ok
2026-05-20T09:14:41.445189+00:00,quest,2,Qwen3-8B,64,9661,16,128,100,5.720064,ok
2026-05-20T09:14:41.445189+00:00,quest,2,Qwen3-8B,64,9661,16,128,101,5.712864,ok
2026-05-20T09:14:41.445189+00:00,quest,2,Qwen3-8B,64,9661,16,128,102,5.715968,ok
2026-05-20T09:14:41.445189+00:00,quest,2,Qwen3-8B,64,9661,16,128,103,5.740544,ok
2026-05-20T09:14:41.445189+00:00,quest,2,Qwen3-8B,64,9661,16,128,104,5.733376,ok
2026-05-20T09:14:41.445189+00:00,quest,2,Qwen3-8B,64,9661,16,128,105,5.730304,ok
2026-05-20T09:14:41.445189+00:00,quest,2,Qwen3-8B,64,9661,16,128,106,5.719040,ok
2026-05-20T09:14:41.445189+00:00,quest,2,Qwen3-8B,64,9661,16,128,107,5.713920,ok
2026-05-20T09:14:41.445189+00:00,quest,2,Qwen3-8B,64,9661,16,128,108,5.731520,ok
2026-05-20T09:14:41.445189+00:00,quest,2,Qwen3-8B,64,9661,16,128,109,5.734208,ok
2026-05-20T09:14:41.445189+00:00,quest,2,Qwen3-8B,64,9661,16,128,110,5.725184,ok
2026-05-20T09:14:41.445189+00:00,quest,2,Qwen3-8B,64,9661,16,128,111,5.712000,ok
2026-05-20T09:14:41.445189+00:00,quest,2,Qwen3-8B,64,9661,16,128,112,5.727136,ok
2026-05-20T09:14:41.445189+00:00,quest,2,Qwen3-8B,64,9661,16,128,113,5.729248,ok
2026-05-20T09:14:41.445189+00:00,quest,2,Qwen3-8B,64,9661,16,128,114,5.859328,ok
2026-05-20T09:14:41.445189+00:00,quest,2,Qwen3-8B,64,9661,16,128,115,5.736640,ok
2026-05-20T09:14:41.445189+00:00,quest,2,Qwen3-8B,64,9661,16,128,116,5.736288,ok
2026-05-20T09:14:41.445189+00:00,quest,2,Qwen3-8B,64,9661,16,128,117,5.745664,ok
2026-05-20T09:14:41.445189+00:00,quest,2,Qwen3-8B,64,9661,16,128,118,5.719040,ok
2026-05-20T09:14:41.445189+00:00,quest,2,Qwen3-8B,64,9661,16,128,119,5.742592,ok
2026-05-20T09:14:41.445189+00:00,quest,2,Qwen3-8B,64,9661,16,128,120,5.723136,ok
2026-05-20T09:14:41.445189+00:00,quest,2,Qwen3-8B,64,9661,16,128,121,5.723104,ok
2026-05-20T09:14:41.445189+00:00,quest,2,Qwen3-8B,64,9661,16,128,122,5.765120,ok
2026-05-20T09:14:41.445189+00:00,quest,2,Qwen3-8B,64,9661,16,128,123,5.736448,ok
2026-05-20T09:14:41.445189+00:00,quest,2,Qwen3-8B,64,9661,16,128,124,5.730336,ok
2026-05-20T09:14:41.445189+00:00,quest,2,Qwen3-8B,64,9661,16,128,125,5.707744,ok
2026-05-20T09:14:41.445189+00:00,quest,2,Qwen3-8B,64,9661,16,128,126,5.722144,ok
2026-05-20T09:14:41.445189+00:00,quest,2,Qwen3-8B,64,9661,16,128,127,5.712864,ok
2026-05-20T09:14:41.445189+00:00,quest,4,Qwen3-8B,64,9661,16,128,0,6.161792,ok
2026-05-20T09:14:41.445189+00:00,quest,4,Qwen3-8B,64,9661,16,128,1,6.078464,ok
2026-05-20T09:14:41.445189+00:00,quest,4,Qwen3-8B,64,9661,16,128,2,6.137120,ok
2026-05-20T09:14:41.445189+00:00,quest,4,Qwen3-8B,64,9661,16,128,3,6.077152,ok
2026-05-20T09:14:41.445189+00:00,quest,4,Qwen3-8B,64,9661,16,128,4,6.072320,ok
2026-05-20T09:14:41.445189+00:00,quest,4,Qwen3-8B,64,9661,16,128,5,6.080576,ok
2026-05-20T09:14:41.445189+00:00,quest,4,Qwen3-8B,64,9661,16,128,6,6.079552,ok
2026-05-20T09:14:41.445189+00:00,quest,4,Qwen3-8B,64,9661,16,128,7,6.065024,ok
2026-05-20T09:14:41.445189+00:00,quest,4,Qwen3-8B,64,9661,16,128,8,6.068224,ok
2026-05-20T09:14:41.445189+00:00,quest,4,Qwen3-8B,64,9661,16,128,9,6.070272,ok
2026-05-20T09:14:41.445189+00:00,quest,4,Qwen3-8B,64,9661,16,128,10,6.083584,ok
2026-05-20T09:14:41.445189+00:00,quest,4,Qwen3-8B,64,9661,16,128,11,6.080544,ok
2026-05-20T09:14:41.445189+00:00,quest,4,Qwen3-8B,64,9661,16,128,12,6.058976,ok
2026-05-20T09:14:41.445189+00:00,quest,4,Qwen3-8B,64,9661,16,128,13,6.064128,ok
2026-05-20T09:14:41.445189+00:00,quest,4,Qwen3-8B,64,9661,16,128,14,6.059008,ok
2026-05-20T09:14:41.445189+00:00,quest,4,Qwen3-8B,64,9661,16,128,15,6.082560,ok
2026-05-20T09:14:41.445189+00:00,quest,4,Qwen3-8B,64,9661,16,128,16,6.081568,ok
2026-05-20T09:14:41.445189+00:00,quest,4,Qwen3-8B,64,9661,16,128,17,6.064096,ok
2026-05-20T09:14:41.445189+00:00,quest,4,Qwen3-8B,64,9661,16,128,18,6.136832,ok
2026-05-20T09:14:41.445189+00:00,quest,4,Qwen3-8B,64,9661,16,128,19,6.064160,ok
2026-05-20T09:14:41.445189+00:00,quest,4,Qwen3-8B,64,9661,16,128,20,6.076384,ok
2026-05-20T09:14:41.445189+00:00,quest,4,Qwen3-8B,64,9661,16,128,21,6.095872,ok
2026-05-20T09:14:41.445189+00:00,quest,4,Qwen3-8B,64,9661,16,128,22,6.073344,ok
2026-05-20T09:14:41.445189+00:00,quest,4,Qwen3-8B,64,9661,16,128,23,6.075392,ok
2026-05-20T09:14:41.445189+00:00,quest,4,Qwen3-8B,64,9661,16,128,24,6.063264,ok
2026-05-20T09:14:41.445189+00:00,quest,4,Qwen3-8B,64,9661,16,128,25,6.058880,ok
2026-05-20T09:14:41.445189+00:00,quest,4,Qwen3-8B,64,9661,16,128,26,6.095840,ok
2026-05-20T09:14:41.445189+00:00,quest,4,Qwen3-8B,64,9661,16,128,27,6.074432,ok
2026-05-20T09:14:41.445189+00:00,quest,4,Qwen3-8B,64,9661,16,128,28,6.069216,ok
2026-05-20T09:14:41.445189+00:00,quest,4,Qwen3-8B,64,9661,16,128,29,6.061024,ok
2026-05-20T09:14:41.445189+00:00,quest,4,Qwen3-8B,64,9661,16,128,30,6.067200,ok
2026-05-20T09:14:41.445189+00:00,quest,4,Qwen3-8B,64,9661,16,128,31,6.073344,ok
2026-05-20T09:14:41.445189+00:00,quest,4,Qwen3-8B,64,9661,16,128,32,6.071296,ok
2026-05-20T09:14:41.445189+00:00,quest,4,Qwen3-8B,64,9661,16,128,33,6.075392,ok
2026-05-20T09:14:41.445189+00:00,quest,4,Qwen3-8B,64,9661,16,128,34,6.152192,ok
2026-05-20T09:14:41.445189+00:00,quest,4,Qwen3-8B,64,9661,16,128,35,6.077472,ok
2026-05-20T09:14:41.445189+00:00,quest,4,Qwen3-8B,64,9661,16,128,36,6.097888,ok
2026-05-20T09:14:41.445189+00:00,quest,4,Qwen3-8B,64,9661,16,128,37,6.077440,ok
2026-05-20T09:14:41.445189+00:00,quest,4,Qwen3-8B,64,9661,16,128,38,6.217728,ok
2026-05-20T09:14:41.445189+00:00,quest,4,Qwen3-8B,64,9661,16,128,39,6.076416,ok
2026-05-20T09:14:41.445189+00:00,quest,4,Qwen3-8B,64,9661,16,128,40,6.096896,ok
2026-05-20T09:14:41.445189+00:00,quest,4,Qwen3-8B,64,9661,16,128,41,6.095872,ok
2026-05-20T09:14:41.445189+00:00,quest,4,Qwen3-8B,64,9661,16,128,42,6.071296,ok
2026-05-20T09:14:41.445189+00:00,quest,4,Qwen3-8B,64,9661,16,128,43,6.088736,ok
2026-05-20T09:14:41.445189+00:00,quest,4,Qwen3-8B,64,9661,16,128,44,6.077408,ok
2026-05-20T09:14:41.445189+00:00,quest,4,Qwen3-8B,64,9661,16,128,45,6.082560,ok
2026-05-20T09:14:41.445189+00:00,quest,4,Qwen3-8B,64,9661,16,128,46,6.093984,ok
2026-05-20T09:14:41.445189+00:00,quest,4,Qwen3-8B,64,9661,16,128,47,6.071136,ok
2026-05-20T09:14:41.445189+00:00,quest,4,Qwen3-8B,64,9661,16,128,48,6.079488,ok
2026-05-20T09:14:41.445189+00:00,quest,4,Qwen3-8B,64,9661,16,128,49,6.136960,ok
2026-05-20T09:14:41.445189+00:00,quest,4,Qwen3-8B,64,9661,16,128,50,6.156160,ok
2026-05-20T09:14:41.445189+00:00,quest,4,Qwen3-8B,64,9661,16,128,51,6.082560,ok
2026-05-20T09:14:41.445189+00:00,quest,4,Qwen3-8B,64,9661,16,128,52,6.062080,ok
2026-05-20T09:14:41.445189+00:00,quest,4,Qwen3-8B,64,9661,16,128,53,6.070304,ok
2026-05-20T09:14:41.445189+00:00,quest,4,Qwen3-8B,64,9661,16,128,54,6.084576,ok
2026-05-20T09:14:41.445189+00:00,quest,4,Qwen3-8B,64,9661,16,128,55,6.071296,ok
2026-05-20T09:14:41.445189+00:00,quest,4,Qwen3-8B,64,9661,16,128,56,6.080512,ok
2026-05-20T09:14:41.445189+00:00,quest,4,Qwen3-8B,64,9661,16,128,57,6.066176,ok
2026-05-20T09:14:41.445189+00:00,quest,4,Qwen3-8B,64,9661,16,128,58,6.064160,ok
2026-05-20T09:14:41.445189+00:00,quest,4,Qwen3-8B,64,9661,16,128,59,6.060000,ok
2026-05-20T09:14:41.445189+00:00,quest,4,Qwen3-8B,64,9661,16,128,60,6.082560,ok
2026-05-20T09:14:41.445189+00:00,quest,4,Qwen3-8B,64,9661,16,128,61,6.091776,ok
2026-05-20T09:14:41.445189+00:00,quest,4,Qwen3-8B,64,9661,16,128,62,6.075392,ok
2026-05-20T09:14:41.445189+00:00,quest,4,Qwen3-8B,64,9661,16,128,63,6.073376,ok
2026-05-20T09:14:41.445189+00:00,quest,4,Qwen3-8B,64,9661,16,128,64,6.069248,ok
2026-05-20T09:14:41.445189+00:00,quest,4,Qwen3-8B,64,9661,16,128,65,6.085600,ok
2026-05-20T09:14:41.445189+00:00,quest,4,Qwen3-8B,64,9661,16,128,66,6.154240,ok
2026-05-20T09:14:41.445189+00:00,quest,4,Qwen3-8B,64,9661,16,128,67,6.068224,ok
2026-05-20T09:14:41.445189+00:00,quest,4,Qwen3-8B,64,9661,16,128,68,6.074368,ok
2026-05-20T09:14:41.445189+00:00,quest,4,Qwen3-8B,64,9661,16,128,69,6.087680,ok
2026-05-20T09:14:41.445189+00:00,quest,4,Qwen3-8B,64,9661,16,128,70,6.064128,ok
2026-05-20T09:14:41.445189+00:00,quest,4,Qwen3-8B,64,9661,16,128,71,6.078464,ok
2026-05-20T09:14:41.445189+00:00,quest,4,Qwen3-8B,64,9661,16,128,72,6.066176,ok
2026-05-20T09:14:41.445189+00:00,quest,4,Qwen3-8B,64,9661,16,128,73,6.077440,ok
2026-05-20T09:14:41.445189+00:00,quest,4,Qwen3-8B,64,9661,16,128,74,6.091776,ok
2026-05-20T09:14:41.445189+00:00,quest,4,Qwen3-8B,64,9661,16,128,75,6.069248,ok
2026-05-20T09:14:41.445189+00:00,quest,4,Qwen3-8B,64,9661,16,128,76,6.069248,ok
2026-05-20T09:14:41.445189+00:00,quest,4,Qwen3-8B,64,9661,16,128,77,6.061088,ok
2026-05-20T09:14:41.445189+00:00,quest,4,Qwen3-8B,64,9661,16,128,78,6.088704,ok
2026-05-20T09:14:41.445189+00:00,quest,4,Qwen3-8B,64,9661,16,128,79,6.078432,ok
2026-05-20T09:14:41.445189+00:00,quest,4,Qwen3-8B,64,9661,16,128,80,6.072320,ok
2026-05-20T09:14:41.445189+00:00,quest,4,Qwen3-8B,64,9661,16,128,81,6.078624,ok
2026-05-20T09:14:41.445189+00:00,quest,4,Qwen3-8B,64,9661,16,128,82,6.131584,ok
2026-05-20T09:14:41.445189+00:00,quest,4,Qwen3-8B,64,9661,16,128,83,6.097920,ok
2026-05-20T09:14:41.445189+00:00,quest,4,Qwen3-8B,64,9661,16,128,84,6.083552,ok
2026-05-20T09:14:41.445189+00:00,quest,4,Qwen3-8B,64,9661,16,128,85,6.075392,ok
2026-05-20T09:14:41.445189+00:00,quest,4,Qwen3-8B,64,9661,16,128,86,6.079488,ok
2026-05-20T09:14:41.445189+00:00,quest,4,Qwen3-8B,64,9661,16,128,87,6.082560,ok
2026-05-20T09:14:41.445189+00:00,quest,4,Qwen3-8B,64,9661,16,128,88,6.086784,ok
2026-05-20T09:14:41.445189+00:00,quest,4,Qwen3-8B,64,9661,16,128,89,6.081568,ok
2026-05-20T09:14:41.445189+00:00,quest,4,Qwen3-8B,64,9661,16,128,90,6.074208,ok
2026-05-20T09:14:41.445189+00:00,quest,4,Qwen3-8B,64,9661,16,128,91,6.090912,ok
2026-05-20T09:14:41.445189+00:00,quest,4,Qwen3-8B,64,9661,16,128,92,6.087552,ok
2026-05-20T09:14:41.445189+00:00,quest,4,Qwen3-8B,64,9661,16,128,93,6.077536,ok
2026-05-20T09:14:41.445189+00:00,quest,4,Qwen3-8B,64,9661,16,128,94,6.076288,ok
2026-05-20T09:14:41.445189+00:00,quest,4,Qwen3-8B,64,9661,16,128,95,6.082592,ok
2026-05-20T09:14:41.445189+00:00,quest,4,Qwen3-8B,64,9661,16,128,96,6.110176,ok
2026-05-20T09:14:41.445189+00:00,quest,4,Qwen3-8B,64,9661,16,128,97,6.095904,ok
2026-05-20T09:14:41.445189+00:00,quest,4,Qwen3-8B,64,9661,16,128,98,6.161376,ok
2026-05-20T09:14:41.445189+00:00,quest,4,Qwen3-8B,64,9661,16,128,99,6.090752,ok
2026-05-20T09:14:41.445189+00:00,quest,4,Qwen3-8B,64,9661,16,128,100,6.089728,ok
2026-05-20T09:14:41.445189+00:00,quest,4,Qwen3-8B,64,9661,16,128,101,6.086656,ok
2026-05-20T09:14:41.445189+00:00,quest,4,Qwen3-8B,64,9661,16,128,102,6.098944,ok
2026-05-20T09:14:41.445189+00:00,quest,4,Qwen3-8B,64,9661,16,128,103,6.078464,ok
2026-05-20T09:14:41.445189+00:00,quest,4,Qwen3-8B,64,9661,16,128,104,6.072352,ok
2026-05-20T09:14:41.445189+00:00,quest,4,Qwen3-8B,64,9661,16,128,105,6.066240,ok
2026-05-20T09:14:41.445189+00:00,quest,4,Qwen3-8B,64,9661,16,128,106,6.097824,ok
2026-05-20T09:14:41.445189+00:00,quest,4,Qwen3-8B,64,9661,16,128,107,6.089728,ok
2026-05-20T09:14:41.445189+00:00,quest,4,Qwen3-8B,64,9661,16,128,108,6.069248,ok
2026-05-20T09:14:41.445189+00:00,quest,4,Qwen3-8B,64,9661,16,128,109,6.085664,ok
2026-05-20T09:14:41.445189+00:00,quest,4,Qwen3-8B,64,9661,16,128,110,6.088800,ok
2026-05-20T09:14:41.445189+00:00,quest,4,Qwen3-8B,64,9661,16,128,111,6.089600,ok
2026-05-20T09:14:41.445189+00:00,quest,4,Qwen3-8B,64,9661,16,128,112,6.106112,ok
2026-05-20T09:14:41.445189+00:00,quest,4,Qwen3-8B,64,9661,16,128,113,6.078464,ok
2026-05-20T09:14:41.445189+00:00,quest,4,Qwen3-8B,64,9661,16,128,114,6.156288,ok
2026-05-20T09:14:41.445189+00:00,quest,4,Qwen3-8B,64,9661,16,128,115,6.083584,ok
2026-05-20T09:14:41.445189+00:00,quest,4,Qwen3-8B,64,9661,16,128,116,6.085664,ok
2026-05-20T09:14:41.445189+00:00,quest,4,Qwen3-8B,64,9661,16,128,117,6.074368,ok
2026-05-20T09:14:41.445189+00:00,quest,4,Qwen3-8B,64,9661,16,128,118,6.065120,ok
2026-05-20T09:14:41.445189+00:00,quest,4,Qwen3-8B,64,9661,16,128,119,6.079488,ok
2026-05-20T09:14:41.445189+00:00,quest,4,Qwen3-8B,64,9661,16,128,120,6.087680,ok
2026-05-20T09:14:41.445189+00:00,quest,4,Qwen3-8B,64,9661,16,128,121,6.084640,ok
2026-05-20T09:14:41.445189+00:00,quest,4,Qwen3-8B,64,9661,16,128,122,6.079488,ok
2026-05-20T09:14:41.445189+00:00,quest,4,Qwen3-8B,64,9661,16,128,123,6.088672,ok
2026-05-20T09:14:41.445189+00:00,quest,4,Qwen3-8B,64,9661,16,128,124,6.105088,ok
2026-05-20T09:14:41.445189+00:00,quest,4,Qwen3-8B,64,9661,16,128,125,6.103040,ok
2026-05-20T09:14:41.445189+00:00,quest,4,Qwen3-8B,64,9661,16,128,126,6.082560,ok
2026-05-20T09:14:41.445189+00:00,quest,4,Qwen3-8B,64,9661,16,128,127,6.087680,ok
2026-05-20T09:14:41.445189+00:00,quest,8,Qwen3-8B,64,9661,16,128,0,6.559104,ok
2026-05-20T09:14:41.445189+00:00,quest,8,Qwen3-8B,64,9661,16,128,1,6.411328,ok
2026-05-20T09:14:41.445189+00:00,quest,8,Qwen3-8B,64,9661,16,128,2,6.495136,ok
2026-05-20T09:14:41.445189+00:00,quest,8,Qwen3-8B,64,9661,16,128,3,6.412288,ok
2026-05-20T09:14:41.445189+00:00,quest,8,Qwen3-8B,64,9661,16,128,4,6.411264,ok
2026-05-20T09:14:41.445189+00:00,quest,8,Qwen3-8B,64,9661,16,128,5,6.432768,ok
2026-05-20T09:14:41.445189+00:00,quest,8,Qwen3-8B,64,9661,16,128,6,6.481952,ok
2026-05-20T09:14:41.445189+00:00,quest,8,Qwen3-8B,64,9661,16,128,7,6.434816,ok
2026-05-20T09:14:41.445189+00:00,quest,8,Qwen3-8B,64,9661,16,128,8,6.432736,ok
2026-05-20T09:14:41.445189+00:00,quest,8,Qwen3-8B,64,9661,16,128,9,6.435840,ok
2026-05-20T09:14:41.445189+00:00,quest,8,Qwen3-8B,64,9661,16,128,10,6.428704,ok
2026-05-20T09:14:41.445189+00:00,quest,8,Qwen3-8B,64,9661,16,128,11,6.430784,ok
2026-05-20T09:14:41.445189+00:00,quest,8,Qwen3-8B,64,9661,16,128,12,6.408128,ok
2026-05-20T09:14:41.445189+00:00,quest,8,Qwen3-8B,64,9661,16,128,13,6.446080,ok
2026-05-20T09:14:41.445189+00:00,quest,8,Qwen3-8B,64,9661,16,128,14,6.420480,ok
2026-05-20T09:14:41.445189+00:00,quest,8,Qwen3-8B,64,9661,16,128,15,6.424576,ok
2026-05-20T09:14:41.445189+00:00,quest,8,Qwen3-8B,64,9661,16,128,16,6.415360,ok
2026-05-20T09:14:41.445189+00:00,quest,8,Qwen3-8B,64,9661,16,128,17,6.440928,ok
2026-05-20T09:14:41.445189+00:00,quest,8,Qwen3-8B,64,9661,16,128,18,6.503424,ok
2026-05-20T09:14:41.445189+00:00,quest,8,Qwen3-8B,64,9661,16,128,19,6.421536,ok
2026-05-20T09:14:41.445189+00:00,quest,8,Qwen3-8B,64,9661,16,128,20,6.404096,ok
2026-05-20T09:14:41.445189+00:00,quest,8,Qwen3-8B,64,9661,16,128,21,6.429728,ok
2026-05-20T09:14:41.445189+00:00,quest,8,Qwen3-8B,64,9661,16,128,22,6.420448,ok
2026-05-20T09:14:41.445189+00:00,quest,8,Qwen3-8B,64,9661,16,128,23,6.411264,ok
2026-05-20T09:14:41.445189+00:00,quest,8,Qwen3-8B,64,9661,16,128,24,6.408288,ok
2026-05-20T09:14:41.445189+00:00,quest,8,Qwen3-8B,64,9661,16,128,25,6.414240,ok
2026-05-20T09:14:41.445189+00:00,quest,8,Qwen3-8B,64,9661,16,128,26,6.431712,ok
2026-05-20T09:14:41.445189+00:00,quest,8,Qwen3-8B,64,9661,16,128,27,6.419520,ok
2026-05-20T09:14:41.445189+00:00,quest,8,Qwen3-8B,64,9661,16,128,28,6.399968,ok
2026-05-20T09:14:41.445189+00:00,quest,8,Qwen3-8B,64,9661,16,128,29,6.410240,ok
2026-05-20T09:14:41.445189+00:00,quest,8,Qwen3-8B,64,9661,16,128,30,6.436864,ok
2026-05-20T09:14:41.445189+00:00,quest,8,Qwen3-8B,64,9661,16,128,31,6.429696,ok
2026-05-20T09:14:41.445189+00:00,quest,8,Qwen3-8B,64,9661,16,128,32,6.421504,ok
2026-05-20T09:14:41.445189+00:00,quest,8,Qwen3-8B,64,9661,16,128,33,6.422528,ok
2026-05-20T09:14:41.445189+00:00,quest,8,Qwen3-8B,64,9661,16,128,34,6.476800,ok
2026-05-20T09:14:41.445189+00:00,quest,8,Qwen3-8B,64,9661,16,128,35,6.447072,ok
2026-05-20T09:14:41.445189+00:00,quest,8,Qwen3-8B,64,9661,16,128,36,6.445216,ok
2026-05-20T09:14:41.445189+00:00,quest,8,Qwen3-8B,64,9661,16,128,37,6.422464,ok
2026-05-20T09:14:41.445189+00:00,quest,8,Qwen3-8B,64,9661,16,128,38,6.427552,ok
2026-05-20T09:14:41.445189+00:00,quest,8,Qwen3-8B,64,9661,16,128,39,6.426720,ok
2026-05-20T09:14:41.445189+00:00,quest,8,Qwen3-8B,64,9661,16,128,40,6.461376,ok
2026-05-20T09:14:41.445189+00:00,quest,8,Qwen3-8B,64,9661,16,128,41,6.449152,ok
2026-05-20T09:14:41.445189+00:00,quest,8,Qwen3-8B,64,9661,16,128,42,6.420448,ok
2026-05-20T09:14:41.445189+00:00,quest,8,Qwen3-8B,64,9661,16,128,43,6.433824,ok
2026-05-20T09:14:41.445189+00:00,quest,8,Qwen3-8B,64,9661,16,128,44,6.441984,ok
2026-05-20T09:14:41.445189+00:00,quest,8,Qwen3-8B,64,9661,16,128,45,6.433760,ok
2026-05-20T09:14:41.445189+00:00,quest,8,Qwen3-8B,64,9661,16,128,46,6.459456,ok
2026-05-20T09:14:41.445189+00:00,quest,8,Qwen3-8B,64,9661,16,128,47,6.430688,ok
2026-05-20T09:14:41.445189+00:00,quest,8,Qwen3-8B,64,9661,16,128,48,6.425632,ok
2026-05-20T09:14:41.445189+00:00,quest,8,Qwen3-8B,64,9661,16,128,49,6.461376,ok
2026-05-20T09:14:41.445189+00:00,quest,8,Qwen3-8B,64,9661,16,128,50,6.529056,ok
2026-05-20T09:14:41.445189+00:00,quest,8,Qwen3-8B,64,9661,16,128,51,6.413312,ok
2026-05-20T09:14:41.445189+00:00,quest,8,Qwen3-8B,64,9661,16,128,52,6.406144,ok
2026-05-20T09:14:41.445189+00:00,quest,8,Qwen3-8B,64,9661,16,128,53,6.394880,ok
2026-05-20T09:14:41.445189+00:00,quest,8,Qwen3-8B,64,9661,16,128,54,6.409216,ok
2026-05-20T09:14:41.445189+00:00,quest,8,Qwen3-8B,64,9661,16,128,55,6.429696,ok
2026-05-20T09:14:41.445189+00:00,quest,8,Qwen3-8B,64,9661,16,128,56,6.407168,ok
2026-05-20T09:14:41.445189+00:00,quest,8,Qwen3-8B,64,9661,16,128,57,6.420480,ok
2026-05-20T09:14:41.445189+00:00,quest,8,Qwen3-8B,64,9661,16,128,58,6.415360,ok
2026-05-20T09:14:41.445189+00:00,quest,8,Qwen3-8B,64,9661,16,128,59,6.403040,ok
2026-05-20T09:14:41.445189+00:00,quest,8,Qwen3-8B,64,9661,16,128,60,6.425664,ok
2026-05-20T09:14:41.445189+00:00,quest,8,Qwen3-8B,64,9661,16,128,61,6.435808,ok
2026-05-20T09:14:41.445189+00:00,quest,8,Qwen3-8B,64,9661,16,128,62,6.420448,ok
2026-05-20T09:14:41.445189+00:00,quest,8,Qwen3-8B,64,9661,16,128,63,6.422560,ok
2026-05-20T09:14:41.445189+00:00,quest,8,Qwen3-8B,64,9661,16,128,64,6.412320,ok
2026-05-20T09:14:41.445189+00:00,quest,8,Qwen3-8B,64,9661,16,128,65,6.418400,ok
2026-05-20T09:14:41.445189+00:00,quest,8,Qwen3-8B,64,9661,16,128,66,6.490144,ok
2026-05-20T09:14:41.445189+00:00,quest,8,Qwen3-8B,64,9661,16,128,67,6.518720,ok
2026-05-20T09:14:41.445189+00:00,quest,8,Qwen3-8B,64,9661,16,128,68,6.446112,ok
2026-05-20T09:14:41.445189+00:00,quest,8,Qwen3-8B,64,9661,16,128,69,6.426624,ok
2026-05-20T09:14:41.445189+00:00,quest,8,Qwen3-8B,64,9661,16,128,70,6.411232,ok
2026-05-20T09:14:41.445189+00:00,quest,8,Qwen3-8B,64,9661,16,128,71,6.416384,ok
2026-05-20T09:14:41.445189+00:00,quest,8,Qwen3-8B,64,9661,16,128,72,6.449184,ok
2026-05-20T09:14:41.445189+00:00,quest,8,Qwen3-8B,64,9661,16,128,73,6.421504,ok
2026-05-20T09:14:41.445189+00:00,quest,8,Qwen3-8B,64,9661,16,128,74,6.416352,ok
2026-05-20T09:14:41.445189+00:00,quest,8,Qwen3-8B,64,9661,16,128,75,6.408224,ok
2026-05-20T09:14:41.445189+00:00,quest,8,Qwen3-8B,64,9661,16,128,76,6.417376,ok
2026-05-20T09:14:41.445189+00:00,quest,8,Qwen3-8B,64,9661,16,128,77,6.431776,ok
2026-05-20T09:14:41.445189+00:00,quest,8,Qwen3-8B,64,9661,16,128,78,6.416384,ok
2026-05-20T09:14:41.445189+00:00,quest,8,Qwen3-8B,64,9661,16,128,79,6.414336,ok
2026-05-20T09:14:41.445189+00:00,quest,8,Qwen3-8B,64,9661,16,128,80,6.413312,ok
2026-05-20T09:14:41.445189+00:00,quest,8,Qwen3-8B,64,9661,16,128,81,6.434816,ok
2026-05-20T09:14:41.445189+00:00,quest,8,Qwen3-8B,64,9661,16,128,82,6.488064,ok
2026-05-20T09:14:41.445189+00:00,quest,8,Qwen3-8B,64,9661,16,128,83,6.446080,ok
2026-05-20T09:14:41.445189+00:00,quest,8,Qwen3-8B,64,9661,16,128,84,6.419616,ok
2026-05-20T09:14:41.445189+00:00,quest,8,Qwen3-8B,64,9661,16,128,85,6.436672,ok
2026-05-20T09:14:41.445189+00:00,quest,8,Qwen3-8B,64,9661,16,128,86,6.430720,ok
2026-05-20T09:14:41.445189+00:00,quest,8,Qwen3-8B,64,9661,16,128,87,6.427744,ok
2026-05-20T09:14:41.445189+00:00,quest,8,Qwen3-8B,64,9661,16,128,88,6.426528,ok
2026-05-20T09:14:41.445189+00:00,quest,8,Qwen3-8B,64,9661,16,128,89,6.415392,ok
2026-05-20T09:14:41.445189+00:00,quest,8,Qwen3-8B,64,9661,16,128,90,6.448128,ok
2026-05-20T09:14:41.445189+00:00,quest,8,Qwen3-8B,64,9661,16,128,91,6.439936,ok
2026-05-20T09:14:41.445189+00:00,quest,8,Qwen3-8B,64,9661,16,128,92,6.422560,ok
2026-05-20T09:14:41.445189+00:00,quest,8,Qwen3-8B,64,9661,16,128,93,6.447040,ok
2026-05-20T09:14:41.445189+00:00,quest,8,Qwen3-8B,64,9661,16,128,94,6.428704,ok
2026-05-20T09:14:41.445189+00:00,quest,8,Qwen3-8B,64,9661,16,128,95,6.425568,ok
2026-05-20T09:14:41.445189+00:00,quest,8,Qwen3-8B,64,9661,16,128,96,6.429728,ok
2026-05-20T09:14:41.445189+00:00,quest,8,Qwen3-8B,64,9661,16,128,97,6.431712,ok
2026-05-20T09:14:41.445189+00:00,quest,8,Qwen3-8B,64,9661,16,128,98,6.505504,ok
2026-05-20T09:14:41.445189+00:00,quest,8,Qwen3-8B,64,9661,16,128,99,6.434816,ok
2026-05-20T09:14:41.445189+00:00,quest,8,Qwen3-8B,64,9661,16,128,100,6.431744,ok
2026-05-20T09:14:41.445189+00:00,quest,8,Qwen3-8B,64,9661,16,128,101,6.449120,ok
2026-05-20T09:14:41.445189+00:00,quest,8,Qwen3-8B,64,9661,16,128,102,6.431936,ok
2026-05-20T09:14:41.445189+00:00,quest,8,Qwen3-8B,64,9661,16,128,103,6.415168,ok
2026-05-20T09:14:41.445189+00:00,quest,8,Qwen3-8B,64,9661,16,128,104,6.431776,ok
2026-05-20T09:14:41.445189+00:00,quest,8,Qwen3-8B,64,9661,16,128,105,6.438912,ok
2026-05-20T09:14:41.445189+00:00,quest,8,Qwen3-8B,64,9661,16,128,106,6.433792,ok
2026-05-20T09:14:41.445189+00:00,quest,8,Qwen3-8B,64,9661,16,128,107,6.448128,ok
2026-05-20T09:14:41.445189+00:00,quest,8,Qwen3-8B,64,9661,16,128,108,6.430720,ok
2026-05-20T09:14:41.445189+00:00,quest,8,Qwen3-8B,64,9661,16,128,109,6.434848,ok
2026-05-20T09:14:41.445189+00:00,quest,8,Qwen3-8B,64,9661,16,128,110,6.439904,ok
2026-05-20T09:14:41.445189+00:00,quest,8,Qwen3-8B,64,9661,16,128,111,6.424576,ok
2026-05-20T09:14:41.445189+00:00,quest,8,Qwen3-8B,64,9661,16,128,112,6.423552,ok
2026-05-20T09:14:41.445189+00:00,quest,8,Qwen3-8B,64,9661,16,128,113,6.451200,ok
2026-05-20T09:14:41.445189+00:00,quest,8,Qwen3-8B,64,9661,16,128,114,6.514656,ok
2026-05-20T09:14:41.445189+00:00,quest,8,Qwen3-8B,64,9661,16,128,115,6.436896,ok
2026-05-20T09:14:41.445189+00:00,quest,8,Qwen3-8B,64,9661,16,128,116,6.426592,ok
2026-05-20T09:14:41.445189+00:00,quest,8,Qwen3-8B,64,9661,16,128,117,6.409216,ok
2026-05-20T09:14:41.445189+00:00,quest,8,Qwen3-8B,64,9661,16,128,118,6.421696,ok
2026-05-20T09:14:41.445189+00:00,quest,8,Qwen3-8B,64,9661,16,128,119,6.441920,ok
2026-05-20T09:14:41.445189+00:00,quest,8,Qwen3-8B,64,9661,16,128,120,6.424512,ok
2026-05-20T09:14:41.445189+00:00,quest,8,Qwen3-8B,64,9661,16,128,121,6.436832,ok
2026-05-20T09:14:41.445189+00:00,quest,8,Qwen3-8B,64,9661,16,128,122,6.426624,ok
2026-05-20T09:14:41.445189+00:00,quest,8,Qwen3-8B,64,9661,16,128,123,6.413280,ok
2026-05-20T09:14:41.445189+00:00,quest,8,Qwen3-8B,64,9661,16,128,124,6.450208,ok
2026-05-20T09:14:41.445189+00:00,quest,8,Qwen3-8B,64,9661,16,128,125,6.417408,ok
2026-05-20T09:14:41.445189+00:00,quest,8,Qwen3-8B,64,9661,16,128,126,6.420480,ok
2026-05-20T09:14:41.445189+00:00,quest,8,Qwen3-8B,64,9661,16,128,127,6.429696,ok
2026-05-20T09:14:41.445189+00:00,quest,16,Qwen3-8B,64,9661,16,128,0,7.008320,ok
2026-05-20T09:14:41.445189+00:00,quest,16,Qwen3-8B,64,9661,16,128,1,6.923264,ok
2026-05-20T09:14:41.445189+00:00,quest,16,Qwen3-8B,64,9661,16,128,2,6.957056,ok
2026-05-20T09:14:41.445189+00:00,quest,16,Qwen3-8B,64,9661,16,128,3,6.895616,ok
2026-05-20T09:14:41.445189+00:00,quest,16,Qwen3-8B,64,9661,16,128,4,6.896608,ok
2026-05-20T09:14:41.445189+00:00,quest,16,Qwen3-8B,64,9661,16,128,5,6.879232,ok
2026-05-20T09:14:41.445189+00:00,quest,16,Qwen3-8B,64,9661,16,128,6,6.899744,ok
2026-05-20T09:14:41.445189+00:00,quest,16,Qwen3-8B,64,9661,16,128,7,6.893632,ok
2026-05-20T09:14:41.445189+00:00,quest,16,Qwen3-8B,64,9661,16,128,8,6.888352,ok
2026-05-20T09:14:41.445189+00:00,quest,16,Qwen3-8B,64,9661,16,128,9,6.874112,ok
2026-05-20T09:14:41.445189+00:00,quest,16,Qwen3-8B,64,9661,16,128,10,6.879232,ok
2026-05-20T09:14:41.445189+00:00,quest,16,Qwen3-8B,64,9661,16,128,11,6.893568,ok
2026-05-20T09:14:41.445189+00:00,quest,16,Qwen3-8B,64,9661,16,128,12,6.887456,ok
2026-05-20T09:14:41.445189+00:00,quest,16,Qwen3-8B,64,9661,16,128,13,6.901728,ok
2026-05-20T09:14:41.445189+00:00,quest,16,Qwen3-8B,64,9661,16,128,14,6.884352,ok
2026-05-20T09:14:41.445189+00:00,quest,16,Qwen3-8B,64,9661,16,128,15,6.874080,ok
2026-05-20T09:14:41.445189+00:00,quest,16,Qwen3-8B,64,9661,16,128,16,6.903872,ok
2026-05-20T09:14:41.445189+00:00,quest,16,Qwen3-8B,64,9661,16,128,17,6.899680,ok
2026-05-20T09:14:41.445189+00:00,quest,16,Qwen3-8B,64,9661,16,128,18,6.934592,ok
2026-05-20T09:14:41.445189+00:00,quest,16,Qwen3-8B,64,9661,16,128,19,6.885280,ok
2026-05-20T09:14:41.445189+00:00,quest,16,Qwen3-8B,64,9661,16,128,20,6.886432,ok
2026-05-20T09:14:41.445189+00:00,quest,16,Qwen3-8B,64,9661,16,128,21,6.883360,ok
2026-05-20T09:14:41.445189+00:00,quest,16,Qwen3-8B,64,9661,16,128,22,6.879200,ok
2026-05-20T09:14:41.445189+00:00,quest,16,Qwen3-8B,64,9661,16,128,23,6.882432,ok
2026-05-20T09:14:41.445189+00:00,quest,16,Qwen3-8B,64,9661,16,128,24,6.882208,ok
2026-05-20T09:14:41.445189+00:00,quest,16,Qwen3-8B,64,9661,16,128,25,6.899744,ok
2026-05-20T09:14:41.445189+00:00,quest,16,Qwen3-8B,64,9661,16,128,26,6.887360,ok
2026-05-20T09:14:41.445189+00:00,quest,16,Qwen3-8B,64,9661,16,128,27,6.884352,ok
2026-05-20T09:14:41.445189+00:00,quest,16,Qwen3-8B,64,9661,16,128,28,6.876192,ok
2026-05-20T09:14:41.445189+00:00,quest,16,Qwen3-8B,64,9661,16,128,29,6.901728,ok
2026-05-20T09:14:41.445189+00:00,quest,16,Qwen3-8B,64,9661,16,128,30,6.890528,ok
2026-05-20T09:14:41.445189+00:00,quest,16,Qwen3-8B,64,9661,16,128,31,6.866912,ok
2026-05-20T09:14:41.445189+00:00,quest,16,Qwen3-8B,64,9661,16,128,32,6.885376,ok
2026-05-20T09:14:41.445189+00:00,quest,16,Qwen3-8B,64,9661,16,128,33,6.878208,ok
2026-05-20T09:14:41.445189+00:00,quest,16,Qwen3-8B,64,9661,16,128,34,6.950912,ok
2026-05-20T09:14:41.445189+00:00,quest,16,Qwen3-8B,64,9661,16,128,35,6.937632,ok
2026-05-20T09:14:41.445189+00:00,quest,16,Qwen3-8B,64,9661,16,128,36,6.952960,ok
2026-05-20T09:14:41.445189+00:00,quest,16,Qwen3-8B,64,9661,16,128,37,6.929408,ok
2026-05-20T09:14:41.445189+00:00,quest,16,Qwen3-8B,64,9661,16,128,38,6.946816,ok
2026-05-20T09:14:41.445189+00:00,quest,16,Qwen3-8B,64,9661,16,128,39,6.958080,ok
2026-05-20T09:14:41.445189+00:00,quest,16,Qwen3-8B,64,9661,16,128,40,6.935552,ok
2026-05-20T09:14:41.445189+00:00,quest,16,Qwen3-8B,64,9661,16,128,41,6.935232,ok
2026-05-20T09:14:41.445189+00:00,quest,16,Qwen3-8B,64,9661,16,128,42,6.944032,ok
2026-05-20T09:14:41.445189+00:00,quest,16,Qwen3-8B,64,9661,16,128,43,6.951968,ok
2026-05-20T09:14:41.445189+00:00,quest,16,Qwen3-8B,64,9661,16,128,44,6.933504,ok
2026-05-20T09:14:41.445189+00:00,quest,16,Qwen3-8B,64,9661,16,128,45,6.940672,ok
2026-05-20T09:14:41.445189+00:00,quest,16,Qwen3-8B,64,9661,16,128,46,6.946944,ok
2026-05-20T09:14:41.445189+00:00,quest,16,Qwen3-8B,64,9661,16,128,47,6.936448,ok
2026-05-20T09:14:41.445189+00:00,quest,16,Qwen3-8B,64,9661,16,128,48,6.961120,ok
2026-05-20T09:14:41.445189+00:00,quest,16,Qwen3-8B,64,9661,16,128,49,6.948864,ok
2026-05-20T09:14:41.445189+00:00,quest,16,Qwen3-8B,64,9661,16,128,50,7.005216,ok
2026-05-20T09:14:41.445189+00:00,quest,16,Qwen3-8B,64,9661,16,128,51,6.897632,ok
2026-05-20T09:14:41.445189+00:00,quest,16,Qwen3-8B,64,9661,16,128,52,6.890624,ok
2026-05-20T09:14:41.445189+00:00,quest,16,Qwen3-8B,64,9661,16,128,53,6.901664,ok
2026-05-20T09:14:41.445189+00:00,quest,16,Qwen3-8B,64,9661,16,128,54,6.909920,ok
2026-05-20T09:14:41.445189+00:00,quest,16,Qwen3-8B,64,9661,16,128,55,6.902816,ok
2026-05-20T09:14:41.445189+00:00,quest,16,Qwen3-8B,64,9661,16,128,56,6.886400,ok
2026-05-20T09:14:41.445189+00:00,quest,16,Qwen3-8B,64,9661,16,128,57,6.882304,ok
2026-05-20T09:14:41.445189+00:00,quest,16,Qwen3-8B,64,9661,16,128,58,6.902752,ok
2026-05-20T09:14:41.445189+00:00,quest,16,Qwen3-8B,64,9661,16,128,59,6.903808,ok
2026-05-20T09:14:41.445189+00:00,quest,16,Qwen3-8B,64,9661,16,128,60,6.882272,ok
2026-05-20T09:14:41.445189+00:00,quest,16,Qwen3-8B,64,9661,16,128,61,6.905888,ok
2026-05-20T09:14:41.445189+00:00,quest,16,Qwen3-8B,64,9661,16,128,62,6.896640,ok
2026-05-20T09:14:41.445189+00:00,quest,16,Qwen3-8B,64,9661,16,128,63,6.908960,ok
2026-05-20T09:14:41.445189+00:00,quest,16,Qwen3-8B,64,9661,16,128,64,6.910944,ok
2026-05-20T09:14:41.445189+00:00,quest,16,Qwen3-8B,64,9661,16,128,65,6.908928,ok
2026-05-20T09:14:41.445189+00:00,quest,16,Qwen3-8B,64,9661,16,128,66,6.988832,ok
2026-05-20T09:14:41.445189+00:00,quest,16,Qwen3-8B,64,9661,16,128,67,6.886368,ok
2026-05-20T09:14:41.445189+00:00,quest,16,Qwen3-8B,64,9661,16,128,68,6.919168,ok
2026-05-20T09:14:41.445189+00:00,quest,16,Qwen3-8B,64,9661,16,128,69,6.886400,ok
2026-05-20T09:14:41.445189+00:00,quest,16,Qwen3-8B,64,9661,16,128,70,6.891520,ok
2026-05-20T09:14:41.445189+00:00,quest,16,Qwen3-8B,64,9661,16,128,71,6.895648,ok
2026-05-20T09:14:41.445189+00:00,quest,16,Qwen3-8B,64,9661,16,128,72,7.043072,ok
2026-05-20T09:14:41.445189+00:00,quest,16,Qwen3-8B,64,9661,16,128,73,6.929376,ok
2026-05-20T09:14:41.445189+00:00,quest,16,Qwen3-8B,64,9661,16,128,74,6.898688,ok
2026-05-20T09:14:41.445189+00:00,quest,16,Qwen3-8B,64,9661,16,128,75,6.915104,ok
2026-05-20T09:14:41.445189+00:00,quest,16,Qwen3-8B,64,9661,16,128,76,6.891488,ok
2026-05-20T09:14:41.445189+00:00,quest,16,Qwen3-8B,64,9661,16,128,77,6.902784,ok
2026-05-20T09:14:41.445189+00:00,quest,16,Qwen3-8B,64,9661,16,128,78,6.925408,ok
2026-05-20T09:14:41.445189+00:00,quest,16,Qwen3-8B,64,9661,16,128,79,6.884288,ok
2026-05-20T09:14:41.445189+00:00,quest,16,Qwen3-8B,64,9661,16,128,80,6.902784,ok
2026-05-20T09:14:41.445189+00:00,quest,16,Qwen3-8B,64,9661,16,128,81,6.904832,ok
2026-05-20T09:14:41.445189+00:00,quest,16,Qwen3-8B,64,9661,16,128,82,6.952928,ok
2026-05-20T09:14:41.445189+00:00,quest,16,Qwen3-8B,64,9661,16,128,83,6.961152,ok
2026-05-20T09:14:41.445189+00:00,quest,16,Qwen3-8B,64,9661,16,128,84,6.965312,ok
2026-05-20T09:14:41.445189+00:00,quest,16,Qwen3-8B,64,9661,16,128,85,6.946912,ok
2026-05-20T09:14:41.445189+00:00,quest,16,Qwen3-8B,64,9661,16,128,86,6.948736,ok
2026-05-20T09:14:41.445189+00:00,quest,16,Qwen3-8B,64,9661,16,128,87,6.942688,ok
2026-05-20T09:14:41.445189+00:00,quest,16,Qwen3-8B,64,9661,16,128,88,6.954016,ok
2026-05-20T09:14:41.445189+00:00,quest,16,Qwen3-8B,64,9661,16,128,89,6.956000,ok
2026-05-20T09:14:41.445189+00:00,quest,16,Qwen3-8B,64,9661,16,128,90,6.957056,ok
2026-05-20T09:14:41.445189+00:00,quest,16,Qwen3-8B,64,9661,16,128,91,6.946848,ok
2026-05-20T09:14:41.445189+00:00,quest,16,Qwen3-8B,64,9661,16,128,92,6.941664,ok
2026-05-20T09:14:41.445189+00:00,quest,16,Qwen3-8B,64,9661,16,128,93,6.942720,ok
2026-05-20T09:14:41.445189+00:00,quest,16,Qwen3-8B,64,9661,16,128,94,6.958080,ok
2026-05-20T09:14:41.445189+00:00,quest,16,Qwen3-8B,64,9661,16,128,95,6.940672,ok
2026-05-20T09:14:41.445189+00:00,quest,16,Qwen3-8B,64,9661,16,128,96,6.949984,ok
2026-05-20T09:14:41.445189+00:00,quest,16,Qwen3-8B,64,9661,16,128,97,6.937536,ok
2026-05-20T09:14:41.445189+00:00,quest,16,Qwen3-8B,64,9661,16,128,98,7.004192,ok
2026-05-20T09:14:41.445189+00:00,quest,16,Qwen3-8B,64,9661,16,128,99,6.945728,ok
2026-05-20T09:14:41.445189+00:00,quest,16,Qwen3-8B,64,9661,16,128,100,6.957088,ok
2026-05-20T09:14:41.445189+00:00,quest,16,Qwen3-8B,64,9661,16,128,101,6.945760,ok
2026-05-20T09:14:41.445189+00:00,quest,16,Qwen3-8B,64,9661,16,128,102,6.946976,ok
2026-05-20T09:14:41.445189+00:00,quest,16,Qwen3-8B,64,9661,16,128,103,6.928224,ok
2026-05-20T09:14:41.445189+00:00,quest,16,Qwen3-8B,64,9661,16,128,104,6.943744,ok
2026-05-20T09:14:41.445189+00:00,quest,16,Qwen3-8B,64,9661,16,128,105,6.933504,ok
2026-05-20T09:14:41.445189+00:00,quest,16,Qwen3-8B,64,9661,16,128,106,6.942720,ok
2026-05-20T09:14:41.445189+00:00,quest,16,Qwen3-8B,64,9661,16,128,107,6.941728,ok
2026-05-20T09:14:41.445189+00:00,quest,16,Qwen3-8B,64,9661,16,128,108,6.930464,ok
2026-05-20T09:14:41.445189+00:00,quest,16,Qwen3-8B,64,9661,16,128,109,6.974400,ok
2026-05-20T09:14:41.445189+00:00,quest,16,Qwen3-8B,64,9661,16,128,110,6.956032,ok
2026-05-20T09:14:41.445189+00:00,quest,16,Qwen3-8B,64,9661,16,128,111,6.942784,ok
2026-05-20T09:14:41.445189+00:00,quest,16,Qwen3-8B,64,9661,16,128,112,6.953984,ok
2026-05-20T09:14:41.445189+00:00,quest,16,Qwen3-8B,64,9661,16,128,113,6.936544,ok
2026-05-20T09:14:41.445189+00:00,quest,16,Qwen3-8B,64,9661,16,128,114,7.016448,ok
2026-05-20T09:14:41.445189+00:00,quest,16,Qwen3-8B,64,9661,16,128,115,6.953952,ok
2026-05-20T09:14:41.445189+00:00,quest,16,Qwen3-8B,64,9661,16,128,116,6.951936,ok
2026-05-20T09:14:41.445189+00:00,quest,16,Qwen3-8B,64,9661,16,128,117,6.947840,ok
2026-05-20T09:14:41.445189+00:00,quest,16,Qwen3-8B,64,9661,16,128,118,6.957056,ok
2026-05-20T09:14:41.445189+00:00,quest,16,Qwen3-8B,64,9661,16,128,119,6.950944,ok
2026-05-20T09:14:41.445189+00:00,quest,16,Qwen3-8B,64,9661,16,128,120,6.959072,ok
2026-05-20T09:14:41.445189+00:00,quest,16,Qwen3-8B,64,9661,16,128,121,6.934528,ok
2026-05-20T09:14:41.445189+00:00,quest,16,Qwen3-8B,64,9661,16,128,122,6.934528,ok
2026-05-20T09:14:41.445189+00:00,quest,16,Qwen3-8B,64,9661,16,128,123,6.959104,ok
2026-05-20T09:14:41.445189+00:00,quest,16,Qwen3-8B,64,9661,16,128,124,6.932480,ok
2026-05-20T09:14:41.445189+00:00,quest,16,Qwen3-8B,64,9661,16,128,125,6.942784,ok
2026-05-20T09:14:41.445189+00:00,quest,16,Qwen3-8B,64,9661,16,128,126,6.948992,ok
2026-05-20T09:14:41.445189+00:00,quest,16,Qwen3-8B,64,9661,16,128,127,6.934368,ok
2026-05-20T09:14:41.445189+00:00,quest,32,Qwen3-8B,64,9661,16,128,0,8.609312,ok
2026-05-20T09:14:41.445189+00:00,quest,32,Qwen3-8B,64,9661,16,128,1,8.504352,ok
2026-05-20T09:14:41.445189+00:00,quest,32,Qwen3-8B,64,9661,16,128,2,8.621024,ok
2026-05-20T09:14:41.445189+00:00,quest,32,Qwen3-8B,64,9661,16,128,3,8.508512,ok
2026-05-20T09:14:41.445189+00:00,quest,32,Qwen3-8B,64,9661,16,128,4,8.499136,ok
2026-05-20T09:14:41.445189+00:00,quest,32,Qwen3-8B,64,9661,16,128,5,8.552416,ok
2026-05-20T09:14:41.445189+00:00,quest,32,Qwen3-8B,64,9661,16,128,6,8.515584,ok
2026-05-20T09:14:41.445189+00:00,quest,32,Qwen3-8B,64,9661,16,128,7,8.509440,ok
2026-05-20T09:14:41.445189+00:00,quest,32,Qwen3-8B,64,9661,16,128,8,8.496128,ok
2026-05-20T09:14:41.445189+00:00,quest,32,Qwen3-8B,64,9661,16,128,9,8.493152,ok
2026-05-20T09:14:41.445189+00:00,quest,32,Qwen3-8B,64,9661,16,128,10,8.503200,ok
2026-05-20T09:14:41.445189+00:00,quest,32,Qwen3-8B,64,9661,16,128,11,8.509440,ok
2026-05-20T09:14:41.445189+00:00,quest,32,Qwen3-8B,64,9661,16,128,12,8.510464,ok
2026-05-20T09:14:41.445189+00:00,quest,32,Qwen3-8B,64,9661,16,128,13,8.498208,ok
2026-05-20T09:14:41.445189+00:00,quest,32,Qwen3-8B,64,9661,16,128,14,8.506336,ok
2026-05-20T09:14:41.445189+00:00,quest,32,Qwen3-8B,64,9661,16,128,15,8.513568,ok
2026-05-20T09:14:41.445189+00:00,quest,32,Qwen3-8B,64,9661,16,128,16,8.513504,ok
2026-05-20T09:14:41.445189+00:00,quest,32,Qwen3-8B,64,9661,16,128,17,8.501248,ok
2026-05-20T09:14:41.445189+00:00,quest,32,Qwen3-8B,64,9661,16,128,18,8.611872,ok
2026-05-20T09:14:41.445189+00:00,quest,32,Qwen3-8B,64,9661,16,128,19,8.503264,ok
2026-05-20T09:14:41.445189+00:00,quest,32,Qwen3-8B,64,9661,16,128,20,8.499328,ok
2026-05-20T09:14:41.445189+00:00,quest,32,Qwen3-8B,64,9661,16,128,21,8.510368,ok
2026-05-20T09:14:41.445189+00:00,quest,32,Qwen3-8B,64,9661,16,128,22,8.506368,ok
2026-05-20T09:14:41.445189+00:00,quest,32,Qwen3-8B,64,9661,16,128,23,8.492032,ok
2026-05-20T09:14:41.445189+00:00,quest,32,Qwen3-8B,64,9661,16,128,24,8.486880,ok
2026-05-20T09:14:41.445189+00:00,quest,32,Qwen3-8B,64,9661,16,128,25,8.498208,ok
2026-05-20T09:14:41.445189+00:00,quest,32,Qwen3-8B,64,9661,16,128,26,8.475616,ok
2026-05-20T09:14:41.445189+00:00,quest,32,Qwen3-8B,64,9661,16,128,27,8.499232,ok
2026-05-20T09:14:41.445189+00:00,quest,32,Qwen3-8B,64,9661,16,128,28,8.486880,ok
2026-05-20T09:14:41.445189+00:00,quest,32,Qwen3-8B,64,9661,16,128,29,8.502304,ok
2026-05-20T09:14:41.445189+00:00,quest,32,Qwen3-8B,64,9661,16,128,30,8.507360,ok
2026-05-20T09:14:41.445189+00:00,quest,32,Qwen3-8B,64,9661,16,128,31,8.511488,ok
2026-05-20T09:14:41.445189+00:00,quest,32,Qwen3-8B,64,9661,16,128,32,8.495104,ok
2026-05-20T09:14:41.445189+00:00,quest,32,Qwen3-8B,64,9661,16,128,33,8.484864,ok
2026-05-20T09:14:41.445189+00:00,quest,32,Qwen3-8B,64,9661,16,128,34,8.616992,ok
2026-05-20T09:14:41.445189+00:00,quest,32,Qwen3-8B,64,9661,16,128,35,8.598464,ok
2026-05-20T09:14:41.445189+00:00,quest,32,Qwen3-8B,64,9661,16,128,36,8.572960,ok
2026-05-20T09:14:41.445189+00:00,quest,32,Qwen3-8B,64,9661,16,128,37,8.569888,ok
2026-05-20T09:14:41.445189+00:00,quest,32,Qwen3-8B,64,9661,16,128,38,8.572928,ok
2026-05-20T09:14:41.445189+00:00,quest,32,Qwen3-8B,64,9661,16,128,39,8.576992,ok
2026-05-20T09:14:41.445189+00:00,quest,32,Qwen3-8B,64,9661,16,128,40,8.580128,ok
2026-05-20T09:14:41.445189+00:00,quest,32,Qwen3-8B,64,9661,16,128,41,8.583136,ok
2026-05-20T09:14:41.445189+00:00,quest,32,Qwen3-8B,64,9661,16,128,42,8.595488,ok
2026-05-20T09:14:41.445189+00:00,quest,32,Qwen3-8B,64,9661,16,128,43,8.563712,ok
2026-05-20T09:14:41.445189+00:00,quest,32,Qwen3-8B,64,9661,16,128,44,8.574944,ok
2026-05-20T09:14:41.445189+00:00,quest,32,Qwen3-8B,64,9661,16,128,45,8.596480,ok
2026-05-20T09:14:41.445189+00:00,quest,32,Qwen3-8B,64,9661,16,128,46,8.579104,ok
2026-05-20T09:14:41.445189+00:00,quest,32,Qwen3-8B,64,9661,16,128,47,8.591360,ok
2026-05-20T09:14:41.445189+00:00,quest,32,Qwen3-8B,64,9661,16,128,48,8.587264,ok
2026-05-20T09:14:41.445189+00:00,quest,32,Qwen3-8B,64,9661,16,128,49,8.574944,ok
2026-05-20T09:14:41.445189+00:00,quest,32,Qwen3-8B,64,9661,16,128,50,8.700928,ok
2026-05-20T09:14:41.445189+00:00,quest,32,Qwen3-8B,64,9661,16,128,51,8.492128,ok
2026-05-20T09:14:41.445189+00:00,quest,32,Qwen3-8B,64,9661,16,128,52,8.505248,ok
2026-05-20T09:14:41.445189+00:00,quest,32,Qwen3-8B,64,9661,16,128,53,8.507392,ok
2026-05-20T09:14:41.445189+00:00,quest,32,Qwen3-8B,64,9661,16,128,54,8.513632,ok
2026-05-20T09:14:41.445189+00:00,quest,32,Qwen3-8B,64,9661,16,128,55,8.500128,ok
2026-05-20T09:14:41.445189+00:00,quest,32,Qwen3-8B,64,9661,16,128,56,8.500224,ok
2026-05-20T09:14:41.445189+00:00,quest,32,Qwen3-8B,64,9661,16,128,57,8.496128,ok
2026-05-20T09:14:41.445189+00:00,quest,32,Qwen3-8B,64,9661,16,128,58,8.492064,ok
2026-05-20T09:14:41.445189+00:00,quest,32,Qwen3-8B,64,9661,16,128,59,8.499168,ok
2026-05-20T09:14:41.445189+00:00,quest,32,Qwen3-8B,64,9661,16,128,60,8.508416,ok
2026-05-20T09:14:41.445189+00:00,quest,32,Qwen3-8B,64,9661,16,128,61,8.493056,ok
2026-05-20T09:14:41.445189+00:00,quest,32,Qwen3-8B,64,9661,16,128,62,8.521760,ok
2026-05-20T09:14:41.445189+00:00,quest,32,Qwen3-8B,64,9661,16,128,63,8.502272,ok
2026-05-20T09:14:41.445189+00:00,quest,32,Qwen3-8B,64,9661,16,128,64,8.510464,ok
2026-05-20T09:14:41.445189+00:00,quest,32,Qwen3-8B,64,9661,16,128,65,8.504352,ok
2026-05-20T09:14:41.445189+00:00,quest,32,Qwen3-8B,64,9661,16,128,66,8.619968,ok
2026-05-20T09:14:41.445189+00:00,quest,32,Qwen3-8B,64,9661,16,128,67,8.489984,ok
2026-05-20T09:14:41.445189+00:00,quest,32,Qwen3-8B,64,9661,16,128,68,8.523776,ok
2026-05-20T09:14:41.445189+00:00,quest,32,Qwen3-8B,64,9661,16,128,69,8.519680,ok
2026-05-20T09:14:41.445189+00:00,quest,32,Qwen3-8B,64,9661,16,128,70,8.517632,ok
2026-05-20T09:14:41.445189+00:00,quest,32,Qwen3-8B,64,9661,16,128,71,8.493088,ok
2026-05-20T09:14:41.445189+00:00,quest,32,Qwen3-8B,64,9661,16,128,72,8.524768,ok
2026-05-20T09:14:41.445189+00:00,quest,32,Qwen3-8B,64,9661,16,128,73,8.523776,ok
2026-05-20T09:14:41.445189+00:00,quest,32,Qwen3-8B,64,9661,16,128,74,8.504320,ok
2026-05-20T09:14:41.445189+00:00,quest,32,Qwen3-8B,64,9661,16,128,75,8.505344,ok
2026-05-20T09:14:41.445189+00:00,quest,32,Qwen3-8B,64,9661,16,128,76,8.507392,ok
2026-05-20T09:14:41.445189+00:00,quest,32,Qwen3-8B,64,9661,16,128,77,8.505344,ok
2026-05-20T09:14:41.445189+00:00,quest,32,Qwen3-8B,64,9661,16,128,78,8.571904,ok
2026-05-20T09:14:41.445189+00:00,quest,32,Qwen3-8B,64,9661,16,128,79,8.528896,ok
2026-05-20T09:14:41.445189+00:00,quest,32,Qwen3-8B,64,9661,16,128,80,8.507488,ok
2026-05-20T09:14:41.445189+00:00,quest,32,Qwen3-8B,64,9661,16,128,81,8.508352,ok
2026-05-20T09:14:41.445189+00:00,quest,32,Qwen3-8B,64,9661,16,128,82,8.635360,ok
2026-05-20T09:14:41.445189+00:00,quest,32,Qwen3-8B,64,9661,16,128,83,8.545280,ok
2026-05-20T09:14:41.445189+00:00,quest,32,Qwen3-8B,64,9661,16,128,84,8.542208,ok
2026-05-20T09:14:41.445189+00:00,quest,32,Qwen3-8B,64,9661,16,128,85,8.554496,ok
2026-05-20T09:14:41.445189+00:00,quest,32,Qwen3-8B,64,9661,16,128,86,8.522752,ok
2026-05-20T09:14:41.445189+00:00,quest,32,Qwen3-8B,64,9661,16,128,87,8.554496,ok
2026-05-20T09:14:41.445189+00:00,quest,32,Qwen3-8B,64,9661,16,128,88,8.551456,ok
2026-05-20T09:14:41.445189+00:00,quest,32,Qwen3-8B,64,9661,16,128,89,8.547296,ok
2026-05-20T09:14:41.445189+00:00,quest,32,Qwen3-8B,64,9661,16,128,90,8.535040,ok
2026-05-20T09:14:41.445189+00:00,quest,32,Qwen3-8B,64,9661,16,128,91,8.548352,ok
2026-05-20T09:14:41.445189+00:00,quest,32,Qwen3-8B,64,9661,16,128,92,8.544256,ok
2026-05-20T09:14:41.445189+00:00,quest,32,Qwen3-8B,64,9661,16,128,93,8.533024,ok
2026-05-20T09:14:41.445189+00:00,quest,32,Qwen3-8B,64,9661,16,128,94,8.538080,ok
2026-05-20T09:14:41.445189+00:00,quest,32,Qwen3-8B,64,9661,16,128,95,8.532992,ok
2026-05-20T09:14:41.445189+00:00,quest,32,Qwen3-8B,64,9661,16,128,96,8.572928,ok
2026-05-20T09:14:41.445189+00:00,quest,32,Qwen3-8B,64,9661,16,128,97,8.545280,ok
2026-05-20T09:14:41.445189+00:00,quest,32,Qwen3-8B,64,9661,16,128,98,8.664064,ok
2026-05-20T09:14:41.445189+00:00,quest,32,Qwen3-8B,64,9661,16,128,99,8.526848,ok
2026-05-20T09:14:41.445189+00:00,quest,32,Qwen3-8B,64,9661,16,128,100,8.528896,ok
2026-05-20T09:14:41.445189+00:00,quest,32,Qwen3-8B,64,9661,16,128,101,8.559648,ok
2026-05-20T09:14:41.445189+00:00,quest,32,Qwen3-8B,64,9661,16,128,102,8.560608,ok
2026-05-20T09:14:41.445189+00:00,quest,32,Qwen3-8B,64,9661,16,128,103,8.543232,ok
2026-05-20T09:14:41.445189+00:00,quest,32,Qwen3-8B,64,9661,16,128,104,8.530944,ok
2026-05-20T09:14:41.445189+00:00,quest,32,Qwen3-8B,64,9661,16,128,105,8.580096,ok
2026-05-20T09:14:41.445189+00:00,quest,32,Qwen3-8B,64,9661,16,128,106,8.538112,ok
2026-05-20T09:14:41.445189+00:00,quest,32,Qwen3-8B,64,9661,16,128,107,8.552512,ok
2026-05-20T09:14:41.445189+00:00,quest,32,Qwen3-8B,64,9661,16,128,108,8.553408,ok
2026-05-20T09:14:41.445189+00:00,quest,32,Qwen3-8B,64,9661,16,128,109,8.548352,ok
2026-05-20T09:14:41.445189+00:00,quest,32,Qwen3-8B,64,9661,16,128,110,8.546304,ok
2026-05-20T09:14:41.445189+00:00,quest,32,Qwen3-8B,64,9661,16,128,111,8.568832,ok
2026-05-20T09:14:41.445189+00:00,quest,32,Qwen3-8B,64,9661,16,128,112,8.641536,ok
2026-05-20T09:14:41.445189+00:00,quest,32,Qwen3-8B,64,9661,16,128,113,8.557568,ok
2026-05-20T09:14:41.445189+00:00,quest,32,Qwen3-8B,64,9661,16,128,114,8.667136,ok
2026-05-20T09:14:41.445189+00:00,quest,32,Qwen3-8B,64,9661,16,128,115,8.545280,ok
2026-05-20T09:14:41.445189+00:00,quest,32,Qwen3-8B,64,9661,16,128,116,8.552608,ok
2026-05-20T09:14:41.445189+00:00,quest,32,Qwen3-8B,64,9661,16,128,117,8.548192,ok
2026-05-20T09:14:41.445189+00:00,quest,32,Qwen3-8B,64,9661,16,128,118,8.546304,ok
2026-05-20T09:14:41.445189+00:00,quest,32,Qwen3-8B,64,9661,16,128,119,8.541184,ok
2026-05-20T09:14:41.445189+00:00,quest,32,Qwen3-8B,64,9661,16,128,120,8.547328,ok
2026-05-20T09:14:41.445189+00:00,quest,32,Qwen3-8B,64,9661,16,128,121,8.545344,ok
2026-05-20T09:14:41.445189+00:00,quest,32,Qwen3-8B,64,9661,16,128,122,8.595424,ok
2026-05-20T09:14:41.445189+00:00,quest,32,Qwen3-8B,64,9661,16,128,123,8.568800,ok
2026-05-20T09:14:41.445189+00:00,quest,32,Qwen3-8B,64,9661,16,128,124,8.557568,ok
2026-05-20T09:14:41.445189+00:00,quest,32,Qwen3-8B,64,9661,16,128,125,8.565760,ok
2026-05-20T09:14:41.445189+00:00,quest,32,Qwen3-8B,64,9661,16,128,126,8.548352,ok
2026-05-20T09:14:41.445189+00:00,quest,32,Qwen3-8B,64,9661,16,128,127,8.553472,ok
2026-05-20T09:14:41.445189+00:00,quest,64,Qwen3-8B,64,9661,16,128,-1,,oom
